300114268993,Y6H8-F41U-1JFB
300883062639,Y6H8-F41U-1JFB
300882517194,AWEV-201H-YU4T
300634674441,1283-KJ4P-CJ60
300472605940,H777-DK4Q-8A2P
300814072139,Y6H8-F41U-1JFB
300859023987,9Y7T-H54Q-Q81V
300715879820,ARET-C14M-N16F
300541613463,AKPJ-T7MM-TJ2D
300649071279,YRH8-5NDB-XG1T
300266656194,AWEV-201H-YU4T
300762964186,AKPJ-T7MM-TJ2D
300662738386,NXPA-KKFU-4KBK
300066190836,H777-DK4Q-8A2P
300409409379,QRPA-UKCA-0SAG
300949234138,QRPA-UKCA-0SAG
300049418201,6VH9-P3DW-K4F6
300666845581,Y6H8-F41U-1JFB
300123102293,Y6H8-F41U-1JFB
300608712423,H777-DK4Q-8A2P
300191491334,8T0R-C1M5-DPDE
300717486938,6VH9-P3DW-K4F6
300519057066,WASE-DKCB-35EC
300507326882,U9HA-WP43-XA6E
300235401187,U3H1-DK43-745E
300541124101,Y6HB-Y57Y-R4EE
300077030369,Q33J-C5YF-YN02
300408647192,H243-01MQ-CJ4P
300424445556,Y6H8-F41U-1JFB
300751751201,YDUP-FK3Y-WC0W
300414402109,SMFU-06MP-CQ3X
300033402454,VWHB-X7BV-45EU
300154922668,SQAQ-654P-JU0Y
300451228410,9Y7T-H54Q-Q81V
300672806642,9Y7T-H54Q-Q81V
300743072152,XBH2-A27W-16DE
300793898322,PUCX-AJ2D-Y452
300272232618,YDUP-FK3Y-WC0W
300612726894,Y6H8-F41U-1JFB
300468456095,A5HR-AQKH-YA0V
300648752599,9Y7T-H54Q-Q81V
300803883597,WW62-WQRY-27DE
300779456753,JKGW-EM2N-Y066
300448645925,9Y7T-H54Q-Q81V
300159628015,Y6H8-F41U-1JFB
300226569496,Y6H8-F41U-1JFB
300550554984,U4YT-TK1P-S5FR
300520176396,9Y7T-H54Q-Q81V
300309626739,U4YT-TK1P-S5FR
300473765870,BCYU-V6MP-A61U
300893476639,U4YT-TK1P-S5FR
300461071866,VWHB-X7BV-45EU
300736876415,DSPB-0G3X-URDE
300692949563,9Y7T-H54Q-Q81V
300636570707,VWHB-X7BV-45EU
300375279983,XKHA-WJAV-KJ6R
300329709913,S5D7-Q4MQ-RY6X
300653553516,X91R-SJXD-VMDF
300760679413,BKBX-5MKQ-YV3R
300836587000,UMRE-PKY6-84DX
300244602337,CDY9-V4F9-2P5E
300746198503,CDY9-V4F9-2P5E
300451509243,3H8Y-104Q-7364
300531729415,XKHA-WJAV-KJ6R
300173900317,XKHA-WJAV-KJ6R
300206157442,RHH8-7QD0-YP6S
300862234480,X22G-MM6W-31DE
300009991023,WW62-WQRY-27DE
300378925401,WW62-WQRY-27DE
300475120833,9Y7T-H54Q-Q81V
300084936733,UAV6-2K32-W56A
300122423535,ENH8-8079-Q6EF
300865493581,6VH9-P3DW-K4F6
300183740523,Y82G-221B-725E
300957142168,Y82G-221B-725E
300225256993,YDUP-FK3Y-WC0W
300252861973,Y6H8-F41U-1JFB
300725149247,ENH8-8079-Q6EF
300346959054,THUQ-HN0H-YA78
300756334337,YDUP-FK3Y-WC0W
300912674967,HAUF-904P-XV2K
300381672088,WET1-G03U-6R5E
300179490991,73PB-H1JU-YM3J
300088647646,Q69T-CHKU-YR30
300558585458,SMFU-06MP-CQ3X
300676498924,QCUE-DK3F-S7B3
300993930512,QRPA-UKCA-0SAG
300719275374,QRPA-UKCA-0SAG
300271167838,VCJR-P3ND-B55E
300576890435,1283-KJ4P-CJ60
300905522321,7X5J-YPHY-YQ0J
300290456391,168K-2HMQ-JH43
300962942791,168K-2HMQ-JH43
300736185700,168K-2HMQ-JH43
300500721334,168K-2HMQ-JH43
300239312081,168K-2HMQ-JH43
300001344690,168K-2HMQ-JH43
300227694766,168K-2HMQ-JH43
300183445222,168K-2HMQ-JH43
300945636567,168K-2HMQ-JH43
300901387023,168K-2HMQ-JH43
300798587636,168K-2HMQ-JH43
300619787539,168K-2HMQ-JH43
300883642363,QDUJ-GK5T-EX0H
300529909265,QDUJ-GK5T-EX0H
300605849117,QDUJ-GK5T-EX0H
300248019692,QDUJ-GK5T-EX0H
300722188775,VAH9-JP0S-17FT
300954924837,168K-2HMQ-JH43
300146359214,168K-2HMQ-JH43
300055843547,168K-2HMQ-JH43
300812533498,168K-2HMQ-JH43
300517840963,168K-2HMQ-JH43
300609837130,168K-2HMQ-JH43
300780727363,168K-2HMQ-JH43
300553970271,168K-2HMQ-JH43
300332714564,168K-2HMQ-JH43
300364813266,QDUJ-GK5T-EX0H
300125258006,QDUJ-GK5T-EX0H
300626854172,QDUJ-GK5T-EX0H
300979955670,QDUJ-GK5T-EX0H
300519951159,QDUJ-GK5T-EX0H
300305482061,QDUJ-GK5T-EX0H
300658073406,QDUJ-GK5T-EX0H
300813719822,QDUJ-GK5T-EX0H
300757852647,QDUJ-GK5T-EX0H
300966698164,168K-2HMQ-JH43
300625294023,168K-2HMQ-JH43
300157902029,168K-2HMQ-JH43
300526877367,168K-2HMQ-JH43
300931016946,168K-2HMQ-JH43
300300120278,168K-2HMQ-JH43
300840497601,168K-2HMQ-JH43
300192889572,168K-2HMQ-JH43
300558280674,168K-2HMQ-JH43
300451672008,168K-2HMQ-JH43
300173551072,168K-2HMQ-JH43
300010445827,168K-2HMQ-JH43
300352013322,QDUJ-GK5T-EX0H
300475635711,QDUJ-GK5T-EX0H
300572055568,QDUJ-GK5T-EX0H
300046697533,QDUJ-GK5T-EX0H
300519949381,QDUJ-GK5T-EX0H
300723607615,QDUJ-GK5T-EX0H
300301384293,QDUJ-GK5T-EX0H
300278285432,QDUJ-GK5T-EX0H
300023934048,QDUJ-GK5T-EX0H
300983979873,QDUJ-GK5T-EX0H
300745971523,QDUJ-GK5T-EX0H
300117684213,168K-2HMQ-JH43
300688908259,168K-2HMQ-JH43
300796146646,168K-2HMQ-JH43
300349275609,168K-2HMQ-JH43
300581677557,168K-2HMQ-JH43
300134806511,168K-2HMQ-JH43
300487397854,168K-2HMQ-JH43
300027575818,168K-2HMQ-JH43
300535303271,168K-2HMQ-JH43
300900653736,168K-2HMQ-JH43
300155517074,168K-2HMQ-JH43
300737548164,168K-2HMQ-JH43
300877554874,168K-2HMQ-JH43
300559092104,QDUJ-GK5T-EX0H
300683042174,QDUJ-GK5T-EX0H
300277202856,QDUJ-GK5T-EX0H
300499129243,QDUJ-GK5T-EX0H
300988765095,QDUJ-GK5T-EX0H
300221335997,QDUJ-GK5T-EX0H
300722931849,QDUJ-GK5T-EX0H
300432850588,QDUJ-GK5T-EX0H
300556472978,QDUJ-GK5T-EX0H
300261225663,QDUJ-GK5T-EX0H
300094766791,QDUJ-GK5T-EX0H
300596690648,QDUJ-GK5T-EX0H
300932897988,QDUJ-GK5T-EX0H
300213931169,168K-2HMQ-JH43
300415848373,168K-2HMQ-JH43
300194592665,168K-2HMQ-JH43
300385962893,168K-2HMQ-JH43
300087361963,168K-2HMQ-JH43
300884093432,168K-2HMQ-JH43
300385858550,168K-2HMQ-JH43
300618587862,168K-2HMQ-JH43
300048102121,168K-2HMQ-JH43
300646189850,168K-2HMQ-JH43
300433257715,QDUJ-GK5T-EX0H
300262702855,QDUJ-GK5T-EX0H
300071890952,QDUJ-GK5T-EX0H
300834082299,QDUJ-GK5T-EX0H
300897406467,QDUJ-GK5T-EX0H
300603229207,QDUJ-GK5T-EX0H
300743235591,QDUJ-GK5T-EX0H
300376472114,QDUJ-GK5T-EX0H
300516478509,QDUJ-GK5T-EX0H
300297913419,QDUJ-GK5T-EX0H
300771165268,QDUJ-GK5T-EX0H
300003735843,QDUJ-GK5T-EX0H
300603636018,QDUJ-GK5T-EX0H
300748066082,QDUJ-GK5T-EX0H
300369067284,168K-2HMQ-JH43
300797741907,168K-2HMQ-JH43
300888923999,168K-2HMQ-JH43
300496849474,168K-2HMQ-JH43
300318437931,168K-2HMQ-JH43
300598218501,168K-2HMQ-JH43
300861391629,168K-2HMQ-JH43
300342226765,QDUJ-GK5T-EX0H
300465849155,QDUJ-GK5T-EX0H
300222708059,QDUJ-GK5T-EX0H
300286359905,QDUJ-GK5T-EX0H
300048392515,QDUJ-GK5T-EX0H
300850466158,QDUJ-GK5T-EX0H
300957704544,QDUJ-GK5T-EX0H
300722538695,QDUJ-GK5T-EX0H
300862872769,QDUJ-GK5T-EX0H
300295852970,QDUJ-GK5T-EX0H
300117400792,QDUJ-GK5T-EX0H
300353898425,QDUJ-GK5T-EX0H
300954126279,QDUJ-GK5T-EX0H
300634634537,168K-2HMQ-JH43
300842094088,168K-2HMQ-JH43
300563973152,168K-2HMQ-JH43
300877040672,168K-2HMQ-JH43
300341870444,168K-2HMQ-JH43
300140894009,QDUJ-GK5T-EX0H
300803375953,QDUJ-GK5T-EX0H
300862931800,QDUJ-GK5T-EX0H
300505102703,QDUJ-GK5T-EX0H
300839832949,QDUJ-GK5T-EX0H
300482003527,QDUJ-GK5T-EX0H
300557615697,QDUJ-GK5T-EX0H
300677134438,QDUJ-GK5T-EX0H
300736362606,QDUJ-GK5T-EX0H
300505509513,QDUJ-GK5T-EX0H
300070869092,3TFD-F4G7-Y16M
300710640988,168K-2HMQ-JH43
300837616992,168K-2HMQ-JH43
300483883894,168K-2HMQ-JH43
300016532853,168K-2HMQ-JH43
300658534802,168K-2HMQ-JH43
300734474653,168K-2HMQ-JH43
300878577049,168K-2HMQ-JH43
300635435942,168K-2HMQ-JH43
300711375793,168K-2HMQ-JH43
300461120401,168K-2HMQ-JH43
300416870863,168K-2HMQ-JH43
300293919152,168K-2HMQ-JH43
300713263746,QDUJ-GK5T-EX0H
300661157560,QDUJ-GK5T-EX0H
300013917857,QDUJ-GK5T-EX0H
300153924243,QDUJ-GK5T-EX0H
300712345005,QDUJ-GK5T-EX0H
300950655395,QDUJ-GK5T-EX0H
300316174803,QDUJ-GK5T-EX0H
300656478144,QDUJ-GK5T-EX0H
300141859269,QDUJ-GK5T-EX0H
300847513056,QDUJ-GK5T-EX0H
300939509222,QDUJ-GK5T-EX0H
300620755963,QDUJ-GK5T-EX0H
300712752131,QDUJ-GK5T-EX0H
300866511910,168K-2HMQ-JH43
300567910988,168K-2HMQ-JH43
300759281218,168K-2HMQ-JH43
300128425500,168K-2HMQ-JH43
300544812120,168K-2HMQ-JH43
300901499465,168K-2HMQ-JH43
300330343032,168K-2HMQ-JH43
300798356809,168K-2HMQ-JH43
300715298577,168K-2HMQ-JH43
300811390746,168K-2HMQ-JH43
300568249647,168K-2HMQ-JH43
300053630763,168K-2HMQ-JH43
300574818961,Y6H8-F41U-1JFB
300059794816,UVR6-XK8P-AJ8T
300900283331,F0Q2-2J2B-CFDE
300877788165,NPRA-HK3A-TS2J
300025233019,H777-DK4Q-8A2P
300277181302,8T0R-C1M5-DPDE
300356300831,Y6H8-F41U-1JFB
300062867833,QRPA-UKCA-0SAG
300162446242,NU3X-YK7B-N796
300686742938,B0H8-Y586-228C
300056071620,UAV6-2K32-W56A
300864814004,FJP8-T3DF-YQ0R
300820769263,FJP8-T3DF-YQ0R
300587368910,FJP8-T3DF-YQ0R
300679692765,FJP8-T3DF-YQ0R
300797670087,FJP8-T3DF-YQ0R
300623825908,FJP8-T3DF-YQ0R
300865548492,FJP8-T3DF-YQ0R
300102092513,FJP8-T3DF-YQ0R
300604528367,FJP8-T3DF-YQ0R
300957078740,FJP8-T3DF-YQ0R
300631721418,SW46-EKD3-Q0AF
300941204698,UNQG-754P-J80W
300777259763,PFH9-VK98-KV00
300556004058,SW46-EKD3-Q0AF
300615744224,UNQG-754P-J80W
300310756117,UNQG-754P-J80W
300019835177,QKH9-R70U-1VA3
300488991024,QKH9-R70U-1VA3
300414528399,UNQG-754P-J80W
300687256276,W4HB-421T-448Y
300713940298,6DEG-DHY9-YS1J
300658073439,WF7T-CK1E-1BAD
300634344535,WF7T-CK1E-1BAD
300040200649,9RSG-524P-1C1W
300012964825,XBVK-AHTV-KQDE
300353268167,XBVK-AHTV-KQDE
300437065851,6N46-DQYW-YA5J
300355886086,6N46-DQYW-YA5J
300182082868,WR7E-3K5A-QJ7Y
300414812171,WR7E-3K5A-QJ7Y
300384367521,UAV6-2K32-W56A
300026538423,KH7A-HK8Q-8NFG
300282893825,W4HB-421T-448Y
300052552732,NT72-MK4T-YGCJ
300227026967,RKH9-F055-MR0W
300797960797,6N46-DQYW-YA5J
300832427740,BHYR-81MP-K67D
300595897994,1P0C-224P-NM01
300987974096,WCH8-P41X-XQ0V
300874151807,91K4-B04Q-3X0B
300647776516,37RG-604P-MC7K
300877439719,Y47A-SK1F-FW0V
300573257383,RKH9-F055-MR0W
300168321790,HR7J-3K53-2YFK
300675375220,BPV4-50MQ-9J1W
300802912959,83H9-RGCM-TK0R
300862652800,VVHB-PNAV-R90R
300312644069,RKH9-F055-MR0W
300145732375,YM76-3K7F-ADFY
300585489596,TFHA-K13G-FK0R
300140167091,1KCV-M04Q-420H
300864350010,12W4-U2MP-P137
300661086066,KX0E-WNYK-YB4G
300423077714,KX0E-WNYK-YB4G
300467780184,F7H8-N5FX-GD0W
300820494404,F7H8-N5FX-GD0W
300320166034,RKH9-F055-MR0W
300435473379,6GTJ-QQYS-YJ4M
300949987593,P073-BPYS-YK2G
300507438493,WR7E-3K5A-QJ7Y
300876925831,36U4-F3MP-RX71
300891427228,KX0E-WNYK-YB4G
300090385817,UH7P-NK73-RCAX
300122749851,WR7E-3K5A-QJ7Y
300182305709,WR7E-3K5A-QJ7Y
300710585111,41HA-VK88-Y1E1
300544860808,9RSG-524P-1C1W
300638281685,993C-714Q-GD38
300680877885,N07T-JK4B-WC0M
300935236641,6DEG-DHY9-YS1J
300141703469,BPV4-50MQ-9J1W
300712800810,FHHA-N18T-W88S
300836413828,UAV6-2K32-W56A
300068984727,UAV6-2K32-W56A
300672632739,UAV6-2K32-W56A
300985862393,SW46-EKD3-Q0AF
400882598878,TURT-87HH-A75F-REV
300616359137,JKGW-EM2N-Y066
300780202754,B0H8-Y586-228C
300384482888,DBHS-6QNE-NMDE
300436996190,UAV6-2K32-W56A
300348991366,UAV6-2K32-W56A
300790220643,SW46-EKD3-Q0AF
300462598962,HV4X-7K16-RQFM
300519548791,UNQG-754P-J80W
300436589457,WTAU-S07A-NBDE
300044003251,WTAU-S07A-NBDE
300380722599,WTAU-S07A-NBDE
300294371065,B0H8-Y586-228C
300399215013,BQ2S-VHG2-M85E
300878111391,B0H8-Y586-228C
300837438657,KH7A-HK8Q-8NFG
300375732471,PA8A-C0HS-YC1M
300516578544,PA8A-C0HS-YC1M
300495409712,JKGW-EM2N-Y066
300419692352,JKGW-EM2N-Y066
300277940899,JKGW-EM2N-Y066
300155335869,PA8A-C0HS-YC1M
300214891716,PA8A-C0HS-YC1M
300552752874,JKGW-EM2N-Y066
300952797316,H8HB-TGE2-HH9G
300043764524,REH9-34B4-KM0E
300696527042,JKGW-EM2N-Y066
300090361293,T5HB-KM7N-HV8F
300302211967,8W8R-3NNM-QR5E
300483122205,PDP1-5NEW-YW3M
300460430156,6QH9-421W-GR06
300093095414,H15J-BK66-51B2
300559526500,6QH9-421W-GR06
300014986551,PDP1-5NEW-YW3M
300216719447,HC0M-A7MQ-844N
300949105191,PDP1-5NEW-YW3M
300422546477,PDP1-5NEW-YW3M
300591188241,3X5V-61GQ-YW3J
300211225365,9Y7T-H54Q-Q81V
300438962353,YRH8-5NDB-XG1T
300828441280,N826-HK7Y-P8BN
300507417333,N826-HK7Y-P8BN
300102688019,JKGW-EM2N-Y066
300276647702,NU3X-YK7B-N796
300660952348,FJP8-T3DF-YQ0R
300764023139,BQCC-HP4Q-AM1X
300888444245,BQCC-HP4Q-AM1X
300620732676,TEQS-E0FM-R15E
300329949920,JKGW-EM2N-Y066
300626748275,BQCC-HP4Q-AM1X
300678010308,PD23-QMWD-YF6P
300423945639,PD23-QMWD-YF6P
300872733946,PD23-QMWD-YF6P
300996315376,PD23-QMWD-YF6P
300737919650,PD23-QMWD-YF6P
300494163796,NU3X-YK7B-N796
300109475155,PD23-QMWD-YF6P
300775869117,NU3X-YK7B-N796
300343576999,NU3X-YK7B-N796
300947225002,NU3X-YK7B-N796
300142418890,QD5A-KKAX-0EF1
300606848982,JKGW-EM2N-Y066
300386342098,NU3X-YK7B-N796
300462281949,YRH8-5NDB-XG1T
300649299912,NU3X-YK7B-N796
300854493208,2AK4-UQA5-Y416
300451769612,55H9-AQ9U-B3B1
300174647046,55H9-AQ9U-B3B1
300480369968,55H9-AQ9U-B3B1
300320746971,WVBB-HGVE-BADE
300145364477,AAKY-EJ4M-106C
300958126442,38P9-BG4P-QT36
300168341196,VWH8-050C-HJ3D
300572997686,KEA2-1K5P-U952
300239337785,XGSH-N09S-Y30E
300591929121,XGSH-N09S-Y30E
300482478736,XGSH-N09S-Y30E
300723966703,KEA2-1K5P-U952
300898105295,CMJH-A1AR-A4DE
300856078456,UJ9D-9G4Q-UA69
300414734679,KBAA-QKEQ-XD8K
300181150009,B13B-73R2-9W5E
300916028762,U9AA-3K4K-KK3R
300601559043,BK7W-7297-YB6E
300483857895,9815-2M4Q-GA5T
300332928088,YXWD-2JRY-YT6X
300558602313,26TK-5GS5-YK26
300355909295,KBAA-QKEQ-XD8K
300480371365,26TK-5GS5-YK26
300916501173,HKHB-H776-DEBG
300544664068,KBAA-QKEQ-XD8K
300246902815,KBAA-QKEQ-XD8K
300594801381,QBHN-D3SB-YE30
300317397250,KRH8-G2BQ-XWBH
300786395023,URAT-2K63-8CA8
300825654867,HNAP-AKE7-E0E2
300323953503,H2F2-YK1P-YYC4
300454552244,1CUD-1P4Q-GM7Q
300058837374,WR3H-KKAT-8VDE
300037054642,KEA2-1K5P-U952
300793852502,KEA2-1K5P-U952
300635409279,H8HB-TGE2-HH9G
300005024363,H8HB-TGE2-HH9G
300358127706,H8HB-TGE2-HH9G
300465366092,KBAA-QKEQ-XD8K
300948988559,H8HB-TGE2-HH9G
300036427915,KBQF-0593-YX5G
300342150839,KBAA-QKEQ-XD8K
300753965402,H4AN-S34Q-4U53
300085068145,KBAA-QKEQ-XD8K
300863602525,KBAA-QKEQ-XD8K
300321560954,H4AN-S34Q-4U53
300455181265,7QHB-9K1A-XV3N
300666918661,KBAA-QKEQ-XD8K
300003479275,KBAA-QKEQ-XD8K
300611051805,KBAA-QKEQ-XD8K
300940215565,HKHB-H776-DEBG
300713970471,SEH3-W1NP-775E
300916911909,SEH3-W1NP-775E
300712771918,55H9-AQ9U-B3B1
300638636892,55H9-AQ9U-B3B1
300823817316,55H9-AQ9U-B3B1
300804476147,55H9-AQ9U-B3B1
300522925200,UN0D-9MMP-SH18
300582665375,UN0D-9MMP-SH18
300609171322,8PH8-1J71-UQ3B
300146937339,55H9-AQ9U-B3B1
300849007135,55H9-AQ9U-B3B1
300940207779,J3J3-W74M-HY6P
300539930664,55H9-AQ9U-B3B1
300380585776,55H9-AQ9U-B3B1
300687393289,TMH9-U765-RBBX
300729378863,1.11198E+13
300127777385,W6C2-TK0F-PW8F
300718458905,E8FA-F2AC-BJ5E
300744854667,UAV6-2K32-W56A
300142071985,9NE1-JJ4P-0D7Y
300053071223,TK06-87Y1-YH6C
300112299399,TK06-87Y1-YH6C
300771012539,E489-2H0R-F15E
300505896400,UQWH-UK4P-PP59
300488619302,39RN-T08Q-Y62P
300957775159,RSXH-KQGG-G2DE
300291381580,YY9E-2KEF-UP4R
300902753313,TBRG-5NRN-YS7A
300203420217,A7KV-4M8N-YE4X
300262648382,A7KV-4M8N-YE4X
300066732737,SD92-PK17-EV7W
300856223694,YU92-JK0Y-VTEA
300403969060,KPPS-D1RK-YS44
300499142327,YW96-2K4Y-0V6X
300872213668,YW96-2K4Y-0V6X
300193299297,UV05-2JMP-6U7W
300316921689,CBUJ-4JDR-FBDE
300653600069,UE4S-KJMP-GS2F
300419321755,SSHA-QM36-B1BD
300526887829,R5H8-1H90-96BD
300452899516,FK52-1K6A-EN5E
300145854741,Q8FB-BNRY-Y22J
300093633300,X77J-6H08-DT5E
300076797223,97DH-55X2-DT5E
300691550515,KV82-3K46-9N2Q
300309992892,UKHA-VPDJ-M7BA
300779148740,UKHA-VPDJ-M7BA
300300834966,KV82-3K46-9N2Q
300182780975,KV82-3K46-9N2Q
300704686048,UKHA-VPDJ-M7BA
300025820156,7EJD-D48Y-Y004
300289846167,7EJD-D48Y-Y004
300658944380,U42J-2646-E6DE
300024852914,U42J-2646-E6DE
300551713689,VCHA-YQD9-S03B
300639542361,YQGF-AP9B-Y51C
300103772766,YXWD-2JRY-YT6X
300442468168,X5H8-BM1V-4H3B
300782567020,UJ9B-6NR2-GGDE
300258908498,QHH8-UP7B-KW8M
300219648654,UJ9B-6NR2-GGDE
300592720312,UJ9B-6NR2-GGDE
300790582486,Y0TR-RQ8U-Y47T
300377455284,TYJS-F5N0-5BDE
300019626186,R9C9-RQ80-5CDE
300502608172,UJ9D-9G4Q-UA69
300930141034,FSPH-WN8U-Y72X
300873762174,D2T0-92TA-E45E
300756514742,WWH8-0Q3F-KAB9
300206903766,6HHB-WJ2W-BF34
300008306673,U290-EGR3-YA1X
300952270862,U290-EGR3-YA1X
300437651986,U290-EGR3-YA1X
300883826211,K96W-VGMP-6D50
300220161544,VNQB-WM3C-EJDE
300722269719,VNQB-WM3C-EJDE
300942588469,K96W-VGMP-6D50
300200864003,K96W-VGMP-6D50
300260768013,K96W-VGMP-6D50
300756774391,SH6A-CK5J-N4DY
300023604132,9250-EP82-HMDE
300757523125,HNAP-AKE7-E0E2
300185895650,UJ9B-6NR2-GGDE
300244453106,9250-EP82-HMDE
300456231464,S7N8-FHHP-GC5E
300254516826,F8F4-PKYB-YM7V
300210720320,0GHB-CMEN-8S0H
300836706913,0GHB-CMEN-8S0H
300363745472,Q06A-YK1A-NT86
300658587192,R7T0-WJ14-HM5E
300750583045,R7T0-WJ14-HM5E
300571385989,BCHV-R4MQ-DT0R
300515519122,9Y5J-J6PJ-GFDE
300300538035,0GHB-CMEN-8S0H
300802461880,0GHB-CMEN-8S0H
300066025181,QWHB-CJ6T-FD0P
300158021358,QWHB-CJ6T-FD0P
300622233876,TERT-M26G-HCDE
300088802908,B30V-RJF3-YF5R
300865829494,B30V-RJF3-YF5R
300576216796,RSXH-KQGG-G2DE
300746595021,WYFT-A50E-GPDE
300468985777,5TH9-3H4Y-638H
300837920473,6DEG-DHY9-YS1J
300617403453,TERT-M26G-HCDE
300876009520,1EM8-47MP-EM44
300861061780,12RC-T7MP-RE0P
300493093540,WNT8-AMRT-H95E
300366189208,WNT8-AMRT-H95E
300287619275,Q33J-C5YF-YN02
300756775123,Q33J-C5YF-YN02
300733635303,Q33J-C5YF-YN02
300003405577,H36T-JKD3-V686
300466588673,H36T-JKD3-V686
300745860609,J2UP-W78H-YJ3M
300988960597,P6DD-X7Y9-YG4P
300933093730,STHA-VN83-VW3E
300621545646,NH6E-KK4E-BC7P
300016202947,R7T0-WJ14-HM5E
300232425696,R7T0-WJ14-HM5E
300822075254,MRH9-873S-VD2M
300540370327,MRH9-873S-VD2M
300707390841,MRH9-873S-VD2M
300076609629,DNUU-WQYE-0A5E
300981956179,DNUU-WQYE-0A5E
300951044477,15SN-R4MQ-MT1Q
300316235889,15SN-R4MQ-MT1Q
300284541007,SM0H-4N67-YEDF
300475399235,SM0H-4N67-YEDF
300316394818,SM0H-4N67-YEDF
300272145273,SM0H-4N67-YEDF
300780383035,SM0H-4N67-YEDF
300527458374,STHD-YP73-355E
300661957052,TNDJ-GJMN-M06F
300206895485,NU3X-YK7B-N796
300592255506,3SH8-31D6-VJ2P
300138110298,HNAP-AKE7-E0E2
300278852454,3XXN-R74P-EF42
300742645405,QMDT-GKEY-R46P
300504637053,QMDT-GKEY-R46P
300503146451,YHDJ-UK9Y-TJBT
300770351028,HNAP-AKE7-E0E2
300942572361,UV1A-PP86-5S5E
300497291140,UV1A-PP86-5S5E
300914970766,YUCE-AKFU-R4D8
300699825833,YUCE-AKFU-R4D8
300169498796,YUCE-AKFU-R4D8
300401900748,YUCE-AKFU-R4D8
300647924454,TYJS-F5N0-5BDE
300740432621,TYJS-F5N0-5BDE
300864341739,TYJS-F5N0-5BDE
300624620799,TYJS-F5N0-5BDE
300684176320,TYJS-F5N0-5BDE
300343120343,TYJS-F5N0-5BDE
300406772199,TYJS-F5N0-5BDE
300006628511,UV1A-PP86-5S5E
300348527608,HNAP-AKE7-E0E2
300203355102,UJ9D-9G4Q-UA69
300436084738,UJ9D-9G4Q-UA69
300043539490,UJ9D-9G4Q-UA69
300975727437,H8HB-TGE2-HH9G
300314387302,NSC2-JK9T-FU9P
300009985093,X77J-6H08-DT5E
300573022271,UJ9D-9G4Q-UA69
300933474193,UAV6-2K32-W56A
300893138162,KT19-A54Q-UD2M
300977611295,V2HB-8N59-AKAY
300949523836,B3V5-P3MQ-JH7F
300655694424,V2HB-8N59-AKAY
300882100259,URXG-3NW6-35DE
300104828905,URXG-3NW6-35DE
300164057073,URXG-3NW6-35DE
300205571788,UV1A-PP86-5S5E
300676057217,TX6B-VHSG-3YDE
300477460124,T0MG-D7S0-3QDE
300963511974,URXG-3NW6-35DE
300923294169,H2F2-YK1P-YYC4
300455431128,H2F2-YK1P-YYC4
300571593632,KMM9-65MQ-DC0H
300137827540,H2F2-YK1P-YYC4
300780157179,BUQS-524Q-E61T
300114216682,H2F2-YK1P-YYC4
300225541552,Y5F6-8K7U-3B9C
300000260988,EVV0-XQKR-4GDE
300745863523,EVV0-XQKR-4GDE
300278120654,UV1A-PP86-5S5E
300083658979,UAV6-2K32-W56A
300503685459,HXCD-T5MP-7800
300799155964,NKCJ-YKAE-N272
300993971382,ARET-C14M-N16F
300015568334,UTAH-804P-DK48
300019891191,QMDT-GKEY-R46P
300646225626,QMDT-GKEY-R46P
300971807689,UVDP-NK3P-1149
300395413491,UVDP-NK3P-1149
300634399737,UVDP-NK3P-1149
300276570639,U8S1-60MQ-BP3X
300061753386,U8S1-60MQ-BP3X
300559697734,YY9E-2KEF-UP4R
300929144114,YY9E-2KEF-UP4R
300564025397,BDBS-A34P-5B7C
300900232739,BDBS-A34P-5B7C
300877133877,BDBS-A34P-5B7C
300242325281,X4ER-RMTS-Y52T
300380338536,HKHB-H776-DEBG
300531378268,1.11198E+13
300255850323,BDBS-A34P-5B7C
300513957238,Q546-X4TU-YW1P
300734239854,BDBS-A34P-5B7C
300905923034,S0DX-9K1Q-BK1U
300275538362,S0DX-9K1Q-BK1U
300521234392,S0DX-9K1Q-BK1U
300297394434,1.11199E+13
300309157693,1.11199E+13
300551052360,QMDT-GKEY-R46P
300540367165,WAQX-PKVE-8T5W
300622448010,C7P3-NK7S-MK5F
300570768950,X1KR-PQNW-YA88
300390216330,XQ0T-T0VS-M4DF
300505872303,A0HE-P34M-S27W
300215522011,A0HE-P34M-S27W
300365014620,RPXT-27MM-8V5C
300677228588,A0HE-P34M-S27W
300847565851,J3J3-W74M-HY6P
300906577164,DNUU-WQYE-0A5E
300483263481,QTGJ-FKHU-1VCH
300662417201,S9K6-EKN6-TU5X
300710020643,HBGJ-RKJ6-G99N
300653436987,HBGJ-RKJ6-G99N
300991968869,9BHF-106P-NAFA
300885024886,TBSU-8KE1-HQ5F
300111623490,UAS1-4KM3-YGDE
300762769549,UAS1-4KM3-YGDE
300391230944,UAS1-4KM3-YGDE
300771251141,2HKX-Y4M1-YHA4
300304702267,F5T9-JPRY-B5DF
300519171210,KTP3-JJ5K-Y390
300872274878,KTP3-JJ5K-Y390
300683353506,FXYR-J4NU-YQ8T
300500510633,FXYR-J4NU-YQ8T
300859888593,FXYR-J4NU-YQ8T
300071572454,FXYR-J4NU-YQ8T
300259023059,FXYR-J4NU-YQ8T
300869335580,RPQ2-P28N-TY5F
300695532047,RPQ2-P28N-TY5F
300953802796,RPQ2-P28N-TY5F
300676193869,RPQ2-P28N-TY5F
300318364233,HBGJ-RKJ6-G99N
300821587093,NPHC-A2AB-UD72
300846572094,RPQ2-P28N-TY5F
300712650857,RPQ2-P28N-TY5F
300907269444,Y9KJ-7KPB-07BA
300851402586,Y9KJ-7KPB-07BA
300585569652,Y9KJ-7KPB-07BA
300422464409,Y9KJ-7KPB-07BA
300084032662,Y9KJ-7KPB-07BA
300917404840,Y9KJ-7KPB-07BA
300419846768,S9K6-EKN6-TU5X
300592272055,C1HC-U388-F65R
300310055120,C1HC-U388-F65R
300760208118,C1HC-U388-F65R
300592679180,C1HC-U388-F65R
300331269614,C1HC-U388-F65R
300224038912,C1HC-U388-F65R
300403859080,R8JG-E14H-S0DF
300521795765,R8JG-E14H-S0DF
300123850552,TXEG-1K5H-YUDV
300196437317,X1KR-PQNW-YA88
300663675770,X1KR-PQNW-YA88
300557629670,UAS1-4KM3-YGDE
300501648232,X1KR-PQNW-YA88
300262600289,KTP3-JJ5K-Y390
300168625696,JMHF-QG95-8NDP
300304196006,74HD-J0BX-QC5P
300694903341,X1KR-PQNW-YA88
300400213766,F5T9-JPRY-B5DF
300173456672,X1KR-PQNW-YA88
300201061654,KTP3-JJ5K-Y390
300277513503,KTP3-JJ5K-Y390
300174043484,ARET-C14M-N16F
300958309524,3Q79-V25Q-YFDG
300000021208,UJRS-P4W3-SXDF
300951222105,TBH6-HHMM-9A1R
300397120364,EWHF-FJD9-WU5B
300422402412,FCHD-GJ3F-QHD9
300901969838,FCHD-GJ3F-QHD9
300005912112,44HF-JK2R-PCD7
300423427364,QD5A-KKAX-0EF1
300343614712,RWSJ-Q651-W15F
300042722280,RWSJ-Q651-W15F
300830859837,S9HX-WKTP-R6BW
300517347617,UAS1-4KM3-YGDE
300605920083,GRHF-TQD1-9QD5
300107227316,DNUU-WQYE-0A5E
300902307723,2HKX-Y4M1-YHA4
300327658981,Q18F-MJ3B-YKB0
300467112385,NSPJ-DKVU-1C8G
300656266150,CQHD-6QC8-UQ7E
300881937177,GR6Q-7K4N-QU3J
300411637825,ARET-C14M-N16F
300519203890,T55X-6H0N-Y6FX
300748319274,T55X-6H0N-Y6FX
300117463566,R9C9-RQ80-5CDE
300482691148,R9C9-RQ80-5CDE
300363630633,R9C9-RQ80-5CDE
300065357380,R9C9-RQ80-5CDE
300157353557,T55X-6H0N-Y6FX
300263719034,R9C9-RQ80-5CDE
300042258521,T55X-6H0N-Y6FX
300101486698,R9C9-RQ80-5CDE
300760200008,R9C9-RQ80-5CDE
300296617284,R9C9-RQ80-5CDE
300025769866,T55X-6H0N-Y6FX
300398841208,R9C9-RQ80-5CDE
300875853728,R9C9-RQ80-5CDE
300935081896,R9C9-RQ80-5CDE
300273006810,R9C9-RQ80-5CDE
300380572884,R9C9-RQ80-5CDE
300086067943,R9C9-RQ80-5CDE
300182487799,R9C9-RQ80-5CDE
300768111096,R9C9-RQ80-5CDE
300860434941,R9C9-RQ80-5CDE
300724867557,R9C9-RQ80-5CDE
300106770969,R9C9-RQ80-5CDE
300442978300,R9C9-RQ80-5CDE
300501419340,RSYU-5J4N-SC5X
300993671873,RSYU-5J4N-SC5X
300806733000,FBM8-T30Y-YEAX
300722828439,RSYU-5J4N-SC5X
300710537578,A1QC-85GN-YWET
300417630431,2H1C-110H-YXDJ
300770733853,2H1C-110H-YXDJ
300991464141,R9C9-RQ80-5CDE
300077833955,HPSX-SKXJ-2T7J
300010291769,R9C9-RQ80-5CDE
300848095276,R9C9-RQ80-5CDE
300089197782,742W-2J7B-YJE0
300931424961,742W-2J7B-YJE0
300662461402,89RJ-94MM-9P3D
300331931924,742W-2J7B-YJE0
300606628326,AYJ2-T24N-S94Y
300661944047,FU45-81QY-YP8X
300396845604,RWSJ-Q651-W15F
300230604952,P81M-51QS-YFEJ
300056289418,0KP2-174N-DS3P
300159204093,UHQE-PKMP-TT7S
300900987196,UHQE-PKMP-TT7S
300591977562,A3XX-264N-SR09
300678504340,P81M-51QS-YFEJ
300545195428,P81M-51QS-YFEJ
300262978490,UHYQ-H077-YFDR
300142151760,ANTP-F5MM-N03S
300162861771,385F-74Q7-YUEP
300060390382,385F-74Q7-YUEP
300545602555,P81M-51QS-YFEJ
300810762670,VCHA-YQD9-S03B
300660573134,A1B9-C771-YDFT
300278618038,TBSU-8KE1-HQ5F
300537132149,UHQE-PKMP-TT7S
300625363985,R9C9-RQ80-5CDE
300601753195,4HHC-2JE8-YX4M
300494522492,4HHC-2JE8-YX4M
300052273664,KWPJ-NKYP-7441
300112851236,UYP2-GKNK-B25S
300971134749,UYP2-GKNK-B25S
300647671037,ANTP-F5MM-N03S
300569035708,BNHE-RP97-4KEY
300295691892,UMRE-PKY6-84DX
300845072661,Q0R2-EQQB-YPFG
300928698780,A3XX-264N-SR09
300694891516,UHQE-PKMP-TT7S
300031267800,ARET-C14M-N16F
300171274195,UHQE-PKMP-TT7S
300753305286,ARET-C14M-N16F
300946990550,UHQE-PKMP-TT7S
300666989254,R9C9-RQ80-5CDE
300388868004,R2HE-5M7N-U54U
300282259652,63PE-6GQW-YJ96
300341487820,UPHH-00N7-JTDF
300154033166,YY88-RNVU-KBDF
300715174659,SRQ2-EKX2-A22F
300852975964,GUBT-A74M-P44K
300289204569,Y8HD-AMAX-4H4Y
300253817458,AYJ2-T24N-S94Y
300741530463,E902-CHXW-0ADF
300761592812,R9KF-9NMN-362Y
300821148669,R9KF-9NMN-362Y
300300091433,EFH2-PN0D-Y5E8
300254347457,P2HC-D40S-02FG
300732634390,WSMS-1QCB-CY5F
300596735558,FQGA-N59U-CCDF
300796707133,AYPY-C0MM-MT2S
300126647289,326M-T01Q-YHDM
300249824754,WNUA-QKRB-0RAR
300919573265,JWVF-FM4N-933H
300654178183,GTBK-TM4N-AB22
300309888290,GMTY-GPMN-1B0K
300468027493,QYHF-4M6Y-KJ73
300351601313,6HHE-W258-29F0
300104355685,SJ39-61Q3-C55F
300435921658,E6AS-GGQS-YEFE
300285028402,RQWG-FK85-CQ5F
300878522533,6R8Q-UQ3S-YT92
300983071810,A5FG-53E1-BQDF
300657429039,YSSV-000B-Y5DX
300037618930,NRRJ-UKYX-KV5J
300517657396,NRRJ-UKYX-KV5J
300863720098,2VJU-A0MM-A467
300330264551,326M-T01Q-YHDM
300696792956,G0GF-APMM-8H3M
300625110132,AKC8-THGH-C35F
300347841808,KCHC-JN8J-UD72
300028862773,R9C9-RQ80-5CDE
300347316883,AKC8-THGH-C35F
300556797260,KCHC-JN8J-UD72
300910501571,VNT3-X3NS-2QDF
300660573864,VNT3-X3NS-2QDF
300931281276,ET6R-JP0S-YSAR
300609663340,K3YP-4KN3-U6F3
300689210054,6KR0-Y50S-YKB0
300828532966,USHE-H59P-9C79
300892486921,USHE-H59P-9C79
300262143292,USHE-H59P-9C79
300563643943,H4PX-4KK7-SX96
300940384652,HPSX-SKXJ-2T7J
300581816934,R9C9-RQ80-5CDE
300371267278,QKRA-8KGY-4S9N
300093474022,QKRA-8KGY-4S9N
300676990190,QKRA-8KGY-4S9N
300930240786,QKRA-8KGY-4S9N
300768172284,QKRA-8KGY-4S9N
300268870879,HPSX-SKXJ-2T7J
300236896108,NAHF-KN3U-50F7
300491255188,UMRE-PKY6-84DX
300043358826,R9C9-RQ80-5CDE
300213472035,YJUE-NKKE-NC08
300447676007,QHRE-BKPB-F3DQ
300993722229,S4Q1-G4Q7-2NDF
300915029830,SSUE-YKXK-PVAV
300519194956,SSUE-YKXK-PVAV
300102696771,T0VK-CQMN-DQ3Y
300744698405,HPSX-SKXJ-2T7J
300472809890,HPSX-SKXJ-2T7J
300861086619,R9C9-RQ80-5CDE
300773472609,ET6R-JP0S-YSAR
300729099863,ET6R-JP0S-YSAR
300259412736,BBHD-J666-HH7F
300019719943,URXX-TKRQ-NG2D
300146781538,8RP0-522N-ENDF
300574183663,PW4P-A5GS-YFAP
300534025035,8RP0-522N-ENDF
300531808345,QJSP-PKTU-NK06
300403293431,PW4P-A5GS-YFAP
300328285775,2NRK-C0MM-S90G
300252345925,2NRK-C0MM-S90G
300347426256,PW4P-A5GS-YFAP
300614073330,SYW2-P10Q-E7DF
300554845161,SYW2-P10Q-E7DF
300405239466,6KR0-Y50S-YKB0
300636457970,WJHD-P63E-66FU
300620522202,WJHD-P63E-66FU
300103065772,VGV9-K7Y9-AQ5F
300581962475,W0UP-RKXB-CKB9
300418853372,YNHD-9K1F-E77V
300499750894,W0UP-RKXB-CKB9
300329155075,WATA-NKSX-CQ5V
300928908920,WATA-NKSX-CQ5V
300161479821,Q1HD-4NCY-S3FP
300883522427,Q1HD-4NCY-S3FP
300499975545,BN0X-MM17-YCF8
300627816812,BN0X-MM17-YCF8
300226407082,PCHE-3G7D-A57P
300844445068,WATA-NKSX-CQ5V
300333514901,WATA-NKSX-CQ5V
300409127073,KKUA-KKH7-RX20
300516488342,PCHE-3G7D-A57P
300902477877,F4WA-6NKY-9B5F
300709048124,R9KF-9NMN-362Y
300193064499,R9KF-9NMN-362Y
300955215190,QN69-FHHF-YJ8M
300302472898,YQBG-VK3F-9H5F
300343025886,YQBG-VK3F-9H5F
300985027835,JMMP-J51N-Y890
300585096950,Q1HD-4NCY-S3FP
300264394506,YUAP-5N1B-Y68T
300290919384,Q1HD-4NCY-S3FP
300643510721,Q1HD-4NCY-S3FP
300723501337,JMMP-J51N-Y890
300331304007,7XHE-1N6Y-W57J
300756826052,C959-T2QW-B5DF
300168198758,URTT-8KNQ-JMDV
300986432308,UETJ-GKGK-Q1DF
300189890840,YUTJ-1KPA-5G5Y
300713550936,7MGW-J71F-Y5EG
300419373673,7MGW-J71F-Y5EG
300328015046,85YU-JNMM-5M4W
300797170891,NGTX-NKYF-5E41
300796769917,KCTJ-HKJ6-Q372
300856325440,8CTQ-FM4M-BW5T
300637026928,793A-4HHF-Y5D2
300060968057,AXJU-XN4N-X278
300567832509,DUHC-BGDA-D8E9
300752556610,UP2A-K0T3-AV5F
300316459720,0DE3-YNMN-DS65
300681851147,0DE3-YNMN-DS65
300865102982,F4WA-6NKY-9B5F
300696495844,YJW6-6KWB-MG9W
300061027234,FRJX-C0HF-Y1AA
300827273619,HHHD-B337-HC7J
300025264383,X91R-SJXD-VMDF
300915907116,MQHF-8KBV-VP7P
300124868743,YA9A-9MPF-8WDF
300144094184,HUPA-YKK3-B5A7
300024228999,YUAP-5N1B-Y68T
300634865252,8CTQ-FM4M-BW5T
300804103278,77D5-VM1F-YHDJ
300097673881,F4WA-6NKY-9B5F
300102661469,8CTQ-FM4M-BW5T
300471432004,8CTQ-FM4M-BW5T
300404418970,AXJU-XN4N-X278
300505901508,1AHD-10DP-YME2
300985980923,KVTT-5KG2-4XF2
300342468572,KVTT-5KG2-4XF2
300145906985,3RHE-JH16-GH7K
300587309735,UETJ-GKGK-Q1DF
300364528988,YW93-F31B-Y1FX
300133675895,YW93-F31B-Y1FX
300727715079,KBW6-SKMQ-9F02
300211690800,JS70-24JH-YVAJ
300403396480,6YME-16HD-Y7C0
300169853094,6YME-16HD-Y7C0
300689665126,8062-Y03H-8V5F
300911006291,QN69-FHHF-YJ8M
300844392429,WPTT-BKXF-TNE8
300077004281,TVNJ-E321-8G5F
300990089985,PFQG-W71D-Y0C2
300252810001,EM2C-531D-Y38C
300635272064,YW93-F31B-Y1FX
300506308634,W3TT-XKTT-C98E
300679239144,2H6F-1JJN-YSB2
300572302798,Y9TP-FKKU-YS1D
300984065432,KT11-UNJQ-YHE2
300334613867,KT11-UNJQ-YHE2
300717864185,EVW9-6QEW-8N5F
300435974937,8B43-CN4M-932E
300661956365,8B43-CN4M-932E
300328749859,HUPA-YKK3-B5A7
300175585071,YQBG-VK3F-9H5F
300931269081,NCHD-6G2T-UX7K
300011146208,HKTX-GKY3-299J
300198480597,QAU8-5J1B-YUC6
300273905166,MQHF-8KBV-VP7P
300979272740,89FQ-MJ4N-592E
300796081789,ABY8-N1M1-AGDF
300569324697,89FQ-MJ4N-592E
300217857991,WMUX-4KGX-RP4X
300996433333,89FQ-MJ4N-592E
300055789490,89FQ-MJ4N-592E
300760080363,TURT-87HH-A75F
300621039374,XEHF-YNES-YK7R
300973512426,QM4T-TPJU-Y9C2
300032909545,WFC2-D0EF-KF5F
300078596378,AT6B-2GMN-FD4R
300812520405,89FQ-MJ4N-592E
300301997529,89FQ-MJ4N-592E
300534727157,CRHE-KH6S-PYFY
300737873457,89FQ-MJ4N-592E
300278051411,F2N9-PKGB-A7DF
300187662913,89FQ-MJ4N-592E
300403885663,F2N9-PKGB-A7DF
300146238849,SAQA-G157-AF5F
300102029940,326M-T01Q-YHDM
300630765639,SSUE-YKXK-PVAV
300143691355,SSUE-YKXK-PVAV
300722296540,W0UP-RKXB-CKB9
300316457223,W0UP-RKXB-CKB9
300917427452,DKMB-PQ8F-AQDF
300745802537,YQBG-VK3F-9H5F
300455721276,YQBG-VK3F-9H5F
300611304570,89FQ-MJ4N-592E
300674956426,SSUE-YKXK-PVAV
300878002581,B9EB-XM3Q-AYDF
300803362869,S85G-KGPQ-AH5F
300927312939,S85G-KGPQ-AH5F
300521473296,S85G-KGPQ-AH5F
300780263683,AWNY-6G4N-QQ1X
300265644808,9BHC-KPD7-NB7R
300188045661,PGRA-36HS-YPA6
300268036277,UAUP-2KJK-BWCX
300655283518,YQBG-VK3F-9H5F
300313838098,8CHF-A4DG-4TFS
300134021161,WEYK-PQUU-APDF
300386816072,UGHE-6066-JAFU
300723023415,ETQ8-B61W-YY8E
300946054157,UGHE-6066-JAFU
300005451277,K5UX-EKN3-H48H
300663690586,K5UX-EKN3-H48H
300128256197,XK1A-7Q9W-ABDF
300498374435,9BHC-KPD7-NB7R
300971298605,9BHC-KPD7-NB7R
300677121344,HVUJ-BKN7-EU42
300752733516,HVUJ-BKN7-EU42
300944103745,HVUJ-BKN7-EU42
300046672761,0EPK-6G4M-YX0M
300768710248,0EPK-6G4M-YX0M
300620586651,UAUP-2KJK-BWCX
300757039958,HWUA-CKVP-VT32
300878159539,NXUX-0KKF-7EBP
300953771702,NXUX-0KKF-7EBP
300636458117,XCFK-R6SD-AHDF
300743696503,S7UX-8KUJ-E12E
300409741985,S7UX-8KUJ-E12E
300082356377,TURT-87HH-A75F-REV
300333060671,0EPK-6G4M-YX0M
300174350193,0EPK-6G4M-YX0M
300651302224,D13B-FPWB-AS5F
300066938094,FTHC-G67A-G8FS
300745395400,XCSN-UJ1S-YMCT
300327551286,AYPY-C0MM-MT2S
300190540002,R9C9-RQ80-5CDE
300579212571,0YN3-MKMM-SC5G
300944563037,0YN3-MKMM-SC5G
300502014397,YQBG-VK3F-9H5F
300144184971,YQBG-VK3F-9H5F
300490799405,81C7-YKMM-NQ6Y
300825598673,R9C9-RQ80-5CDE
300769731815,R9C9-RQ80-5CDE
300674226763,T1TF-3HHN-YRAX
300596954236,NAHF-KN3U-50F7
300073137969,CRHE-KH6S-PYFY
300289757157,3EXF-BP1Q-Y3D6
300991647065,NAHF-KN3U-50F7
300236570893,81C7-YKMM-NQ6Y
300328567060,0HWY-AKMN-DR4M
300470385033,NAHF-KN3U-50F7
300577951108,NAHF-KN3U-50F7
300299830172,R9C9-RQ80-5CDE
300916442021,US4X-GM1K-Y7DE
300132628926,TJHC-02E5-EE7X
300638321095,TJHC-02E5-EE7X
300582454236,HUPA-YKK3-B5A7
300277469299,326M-T01Q-YHDM
300086770067,326M-T01Q-YHDM
300859843707,R9C9-RQ80-5CDE
300272681346,TU4B-H64M-MK38
300774605192,PEHE-R088-M4E4
300780483104,TURT-87HH-A75F-REV
300338862700,TURT-87HH-A75F-REV
300711934042,0HWY-AKMN-DR4M
300511519713,CGG9-J0MS-BV5F
300474878786,AKPJ-T7MM-TJ2D
300157602677,AKPJ-T7MM-TJ2D
300419655159,DE91-TP0F-0U5F
300431932814,WNUA-QKRB-0RAR
300341820922,WNUA-QKRB-0RAR
300331635778,A5FG-53E1-BQDF
300610049362,A5FG-53E1-BQDF
300271265781,TV1B-0NXH-BEDF
300634861023,QAU6-NKUE-X68H
300043946403,SSUE-YKXK-PVAV
300306314347,93HE-HG52-HF7X
300480614387,326M-T01Q-YHDM
300924523019,0YN3-MKMM-SC5G
300043026918,US4X-GM1K-Y7DE
300234415226,0HWY-AKMN-DR4M
300568181068,Y8UT-KKXE-QXDC
300500035040,RBU9-T7U5-XQDF
300991095927,T1TF-3HHN-YRAX
300900478494,W2Y0-GK6F-2T5F
300245485089,RHTY-U64M-XG79
300877541465,RBU9-T7U5-XQDF
300230097273,BMK3-V3N7-AR5F
300957580658,YWSJ-RMGB-YTBA
300068874398,YWSJ-RMGB-YTBA
300157848501,QAU6-NKUE-X68H
300679459722,0USQ-KH4M-9K64
300593200327,UTUE-NKTP-E4FV
300928523675,326M-T01Q-YHDM
300454342274,89FQ-MJ4N-592E
300860582114,A5FG-53E1-BQDF
300032177384,A5FG-53E1-BQDF
300921676914,WVVA-Y4CB-B45F
300262108248,WVVA-Y4CB-B45F
300958378722,0HWY-AKMN-DR4M
300513056542,TURT-87HH-A75F-REV
300219914515,QAU6-NKUE-X68H
300893685484,CRHE-KH6S-PYFY
300226386066,YQBG-VK3F-9H5F
300430047641,TV1B-0NXH-BEDF
300691804674,CJHD-M54S-UX7V
300902736280,BU98-QQR7-A55F
300544907181,BU98-QQR7-A55F
300620519354,BU98-QQR7-A55F
300381473931,BU98-QQR7-A55F
300883397786,BU98-QQR7-A55F
300122113722,EHHC-51A8-Q97X
300436876670,YQBG-VK3F-9H5F
300061072302,YQBG-VK3F-9H5F
300261992091,A9T6-M7J5-Y2AC
300758230211,6UHF-YKA9-B360
300581423084,UUN2-8QYQ-BW5F
300545313992,C959-T2QW-B5DF
300775655479,NKUT-GKWX-Y923
300625580605,89FQ-MJ4N-592E
300952397985,F5T9-JPRY-B5DF
300993303583,B3V3-S667-GTDF
300235543601,A5FG-53E1-BQDF
300930389544,0HWY-AKMN-DR4M
300681099365,9HF9-5GUK-BF5F
300625232508,8JWJ-66U1-BU5F
300580982960,8JWJ-66U1-BU5F
300347439250,9HF9-5GUK-BF5F
300235789759,NFU2-0KMY-B655
300776167085,NFU2-0KMY-B655
300554870417,QAU6-NKUE-X68H
300510600960,8U27-RK4N-HD29
300391434636,C959-T2QW-B5DF
300593720481,03P3-MJMN-S82J
300649641610,9HM8-ENW3-BGDF
300395413424,QAU6-AKPX-1B1K
300828388527,QAU6-NKUE-X68H
300788909015,QAU6-NKUE-X68H
300498491941,UP2A-K0T3-AV5F
300284022854,UP2A-K0T3-AV5F
300260923993,FYSD-37HY-YBD8
300751596905,UNRK-0KHQ-Y388
300982491466,NPHC-A2AB-UD72
300972307461,R9C9-RQ80-5CDE
300348865243,NAHF-KN3U-50F7
300203183741,R9B3-7MMN-ND1T
300096616180,NAHF-KN3U-50F7
300031663620,R9C9-RQ80-5CDE
300981938382,YQBG-VK3F-9H5F
300641275761,WSMS-1QCB-CY5F
300539391081,R9B3-7MMN-ND1T
300609019042,326M-T01Q-YHDM
300339369411,03P3-MJMN-S82J
300431693267,FVHC-AH4Y-FD7W
300072883416,326M-T01Q-YHDM
300065728012,R9B3-7MMN-ND1T
300504226248,326M-T01Q-YHDM
300171263137,SDM9-Q227-CADF
300334079504,R9C9-RQ80-5CDE
300996888810,R9C9-RQ80-5CDE
300305109382,JMAQ-6M4M-CS71
300889204936,SDM9-Q227-CADF
300364509909,SDM9-Q227-CADF
300866106077,DUHC-BGDA-D8E9
300832301077,UMRE-PKY6-84DX
300077386295,NAHF-KN3U-50F7
300646106253,6HHE-W258-29F0
300067368531,R6MQ-W1MM-KW2A
300436343871,XMHE-R5AD-JY6B
300831037027,HBWX-6KPP-0E4G
300102683766,HBWX-6KPP-0E4G
300604279933,YA22-TG0Y-6NDF
300728855705,KEWJ-FKQQ-B3D6
300931838487,YYWJ-3KXT-J05X
300637661237,YYWJ-3KXT-J05X
300713273400,YYWJ-3KXT-J05X
300847698814,TAHC-JP7N-NK68
300231646465,WMV6-NKNT-191Y
300784899716,94T3-E1HQ-625F
300986858209,7C0K-CMJU-YKB6
300220616639,S1WJ-0KGJ-TKEA
300845310666,QWF3-00JU-YVCG
300658330839,GKVK-D04N-J706
300022014709,7VY6-0N2U-YGDP
300523938553,A4E6-Y74M-6R39
300719069140,A4E6-Y74M-6R39
300055077119,A4E6-Y74M-6R39
300659106280,A4E6-Y74M-6R39
300692683940,W3WJ-PKPB-8J6U
300024188411,QN69-FHHF-YJ8M
300603942951,65U0-RM2S-YJF2
300396348051,79HD-Q63T-NYE5
300939816234,QN69-FHHF-YJ8M
300088897867,X8BJ-B0KW-4NDF
300942679213,R6HC-42CM-B66Y
300671907395,R9HF-M43M-HNED
300706272524,VE8H-B1RW-6V5F
300448631380,QM4T-TPJU-Y9C2
300094898281,HBWX-6KPP-0E4G
300154454130,HBWX-6KPP-0E4G
300916604515,HBWX-6KPP-0E4G
300983730317,HBWX-6KPP-0E4G
300716978573,YUAP-5N1B-Y68T
300809302421,YUAP-5N1B-Y68T
300619873490,GQ2Y-12MM-UM4G
300475827961,9TT2-53CK-5J5F
300442219005,AEUV-BHJ1-YHDV
300057988617,KCV6-MKK7-PN05
300988049337,XY98-5HV9-63DF
300340604820,TBGT-2M8H-87DF
300099958025,US4X-GM1K-Y7DE
300374899519,B5P4-K6J3-YVDR
300608798450,N1YE-7KXE-G07G
300452672245,WMV6-NKNT-191Y
300261147509,DDHF-X70X-BCFX
300887832122,F5T9-JPRY-B5DF
300018905039,DDHF-X70X-BCFX
300265276900,WMHC-259A-XS7R
300656679675,U3HC-0583-CAE9
300435423969,U3HC-0583-CAE9
300934065796,YA22-TG0Y-6NDF
300419446911,VE8H-B1RW-6V5F
300102170802,87S3-UG71-60DF
300890687708,T5P2-VK1H-31DF
300821995827,JRCU-404N-Q16J
300934800603,87S3-UG71-60DF
300190935314,CHJS-EGT9-6Y5F
300747860487,JRCU-404N-Q16J
300135068455,MJHF-NH8S-16E6
300773019336,QSK5-702Y-Y8D4
300606109397,KGTN-E02K-YJA2
300204570876,WCHE-G26B-AJ69
300190937080,807U-MJ4M-H13A
300326103042,KTVA-XKRK-2Q6K
300422522897,JRCU-404N-Q16J
300899472675,VE8H-B1RW-6V5F
300142048013,WCHE-G26B-AJ69
300887814717,WCHE-G26B-AJ69
300882350694,WCHE-G26B-AJ69
300471676150,WCHE-G26B-AJ69
300164408893,WCHE-G26B-AJ69
300997441771,WMV6-NKNT-191Y
300384115814,WCHE-G26B-AJ69
300843605818,WCHE-G26B-AJ69
300038577991,WCHE-G26B-AJ69
300897200863,WMV6-NKNT-191Y
300152187085,WMV6-NKNT-191Y
300794393839,WMV6-NKNT-191Y
300144268985,KSSR-K2JK-YNCJ
300419036613,S3DA-P6PK-6CDF
300649948744,VE8H-B1RW-6V5F
300037661613,TTKK-K7MM-VY4E
300165147197,WCHE-G26B-AJ69
300305112623,WCHE-G26B-AJ69
300817322938,FS6G-A2JY-YVF8
300385816790,QSK5-702Y-Y8D4
300385090176,FS6G-A2JY-YVF8
300310102673,YA22-TG0Y-6NDF
300433725063,E5HD-P16R-VREA
300813730791,UGWX-KKSK-VH5U
300764985013,8XHC-42EH-X368
300407155915,EADW-Q62W-YDFE
300332345126,7VY6-0N2U-YGDP
300920284974,7VY6-0N2U-YGDP
300690174549,9CHC-0M23-T6E8
300560076401,U5G2-HKHJ-9R29
300955454724,U5G2-HKHJ-9R29
300373016362,6YHT-BK2W-YXFP
300432244530,6YHT-BK2W-YXFP
300297706521,UGWX-KKSK-VH5U
300438040596,XY98-5HV9-63DF
300347197240,R88Q-82MN-A21W
300745646836,KSWX-PKY2-4HAH
300098202329,KSWX-PKY2-4HAH
300467853589,KSWX-PKY2-4HAH
300169239878,YYWJ-3KXT-J05X
300007171379,KSWX-PKY2-4HAH
300928259862,UPC1-F64Q-63DF
300753944320,TJHY-61MN-6P2W
300142163279,6YHT-BK2W-YXFP
300627375441,JFKK-91MN-BG0M
300351690164,XNH0-Y0JW-YG8A
300577712552,XNH0-Y0JW-YG8A
300236267458,FJ4N-7NJY-YG9T
300295823305,XDHD-CQ88-W26B
300804060922,R88Q-82MN-A21W
300316696071,R88Q-82MN-A21W
300129362668,EADW-Q62W-YDFE
300763102181,2XTK-15JH-YCCP
300784269997,GQ2Y-12MM-UM4G
300911141235,JFKK-91MN-BG0M
300306003331,W4HC-AG3E-T2EW
300074239918,8EHE-AG8M-KP6B
300589591976,8HSB-A0TN-AC5F
300451296167,Y0SH-Q0HF-Y99V
300740762616,UMRE-PKY6-84DX
300831721768,9CHC-0M23-T6E8
300750654684,GKVK-D04N-J706
300563933024,7VY6-0N2U-YGDP
300424281329,7VY6-0N2U-YGDP
300587488801,R6MQ-W1MM-KW2A
300780962207,XDHD-CQ88-W26B
300533725110,TN8Q-X1MN-2A78
300019106235,TN8Q-X1MN-2A78
300614562377,9CHC-0M23-T6E8
300231805675,JMMP-J51N-Y890
300660480298,KWWG-YP2Q-YG8J
300465235941,J7Y7-T2MN-EX73
300369714586,AUSQ-71JN-Y18A
300488163261,AUSQ-71JN-Y18A
300956991439,EDGG-V5CS-7KDF
300313847728,EDGG-V5CS-7KDF
300353737719,Q6WE-KKUT-8B9N
300489858241,VDE8-BMMW-7R5F
300445608707,GQG3-V24N-371P
300224025312,GQG3-V24N-371P
300163391770,GQG3-V24N-371P
300060920066,SQHD-P5EQ-VBEC
300529748233,SQHD-P5EQ-VBEC
300154178043,VRXS-2QXS-5WDF
300234213895,FJ4N-7NJY-YG9T
300090293837,PB8M-V1JD-Y8DJ
300339407469,GG7U-85MM-W026
300995439518,KKUA-KKH7-RX20
300054175319,TN9T-G4KN-Y9AA
300535106003,FS6G-A2JY-YVF8
300025603032,KHW2-RKTP-KEDQ
300057682719,8HG1-BG2N-755F
300442786228,YQBG-VK3F-9H5F
300453504217,VDE8-BMMW-7R5F
300512732384,VDE8-BMMW-7R5F
300514215191,W2W2-PKKA-X4DE
300981450224,W2W2-PKKA-X4DE
300784729640,NVVX-XKWT-AF84
300362145903,PU5R-AN2D-YH8M
300584359018,BG22-T42K-Y28T
300664067181,BG22-T42K-Y28T
300865387561,JMX6-Y7JH-Y29J
300688865789,VDE8-BMMW-7R5F
300644769649,RNJJ-9MHN-795F
300362880392,RNJJ-9MHN-795F
300779720195,8HG1-BG2N-755F
300001815536,8HG1-BG2N-755F
300465642752,GQ2Y-12MM-UM4G
300873358614,TSRM-E0JH-YD98
300395486525,DKMB-PQ8F-AQDF
300164633433,B0HD-9053-Q16A
300723853337,U30U-E72K-YDDC
300926772714,U30U-E72K-YDDC
300117636052,R88Q-82MN-A21W
300833934935,UMRE-PKY6-84DX
300977819970,B0HD-9053-Q16A
300244612204,Y8N6-B1JY-YQEX
300006603851,Y8N6-B1JY-YQEX
300966650005,UAY9-Y0EQ-7ADF
300745025657,HNWT-GKT3-NYC4
300242180099,Q2W2-PKKE-TM63
300780863094,U30U-E72K-YDDC
300968872137,CSQB-KHXD-7M5F
300701532326,50HF-046T-MQEK
300612351540,R9HF-M43M-HNED
300381498455,R88Q-82MN-A21W
300577824400,ETWT-A169-6M5F
300299744435,EAA0-9GQS-6Q5F
300521957541,ADNE-Q54N-PR5T
300243836616,GHK3-H14N-XP01
300745760462,R9SY-A14M-DV5D
300066277371,U30U-E72K-YDDC
300817320082,KEW2-CKGP-599H
300296099019,CSQB-KHXD-7M5F
300239947445,25JQ-Q44N-1G10
300150645363,8V8B-3KS1-7EDF
300654905619,8EHD-AMB1-WX6B
300232682297,8EHD-AMB1-WX6B
300742114721,U30U-E72K-YDDC
300110931659,YUAP-5N1B-Y68T
300076510349,UAY9-Y0EQ-7ADF
300545338517,UAY9-Y0EQ-7ADF
300420010976,JX4F-V24N-J12M
300539974594,UH7G-5KJK-YHEA
300246099384,CSQB-KHXD-7M5F
300821419424,CSQB-KHXD-7M5F
300539202497,KGTN-E02K-YJA2
300798548149,UAY9-Y0EQ-7ADF
300104112013,JS70-24JH-YVAJ
300752299029,U5G2-HKHJ-9R29
300486465770,JX4F-V24N-J12M
300761456563,KGTN-E02K-YJA2
300159733775,JMX6-Y7JH-Y29J
300957383738,JMX6-Y7JH-Y29J
300484574128,JMX6-Y7JH-Y29J
300882687675,TAV5-M62H-Y4CR
300060533156,TAV5-M62H-Y4CR
300828876440,WMV6-NKNT-191Y
300743029198,SCHF-7QBK-43ED
300957498140,JS70-24JH-YVAJ
300033279265,CDHD-T74C-KJED
300019049118,F6WS-WKKB-YU8A
300742576622,JS70-24JH-YVAJ
300357887988,JS70-24JH-YVAJ
300827043838,JS70-24JH-YVAJ
300894128353,QS3X-EJJY-YH9P
300094432533,R88Q-82MN-A21W
300700934725,F934-5P2Y-Y8AA
300157572763,F934-5P2Y-Y8AA
300268866199,QVWT-SKHA-RH1H
300823065041,J7Y7-T2MN-EX73
300687162339,EMHC-H41W-116D
300207187996,RS0U-12MM-PV6S
300996812187,VXHC-8KFS-T3EA
300229383088,FS6G-A2JY-YVF8
300409369082,9NJA-W0D7-72DF
300084031492,9NJA-W0D7-72DF
300107856774,KT11-UNJQ-YHE2
300344102670,YUAP-5N1B-Y68T
300273219254,WDTP-5KGA-V10A
300018990741,WDTP-5KGA-V10A
300226233360,KKMP-4H2Q-YRFJ
300654948942,KKMP-4H2Q-YRFJ
300807853307,S4Q1-G4Q7-2NDF
300566098827,UKK9-R4JQ-Y3FA
300956584167,Q6WE-KKUT-8B9N
300648907625,HUPA-YKK3-B5A7
300991115324,NRWA-JKSU-J1D7
300527860281,NRWA-JKSU-J1D7
300317192512,T9HF-6H1N-SG6E
300690222891,T9HF-6H1N-SG6E
300159220013,34TE-1NJQ-YR8G
300525985928,UKK9-R4JQ-Y3FA
300304689575,YTWA-EKYB-SP2T
300244096671,YTWA-EKYB-SP2T
300740972282,W2W2-PKKA-X4DE
300521673445,T4DK-QQX5-7HDF
300718340905,T4DK-QQX5-7HDF
300689256302,Y78E-MH1F-YQCE
300764358231,VHHD-1MAD-VFEE
300968016463,VHHD-1MAD-VFEE
300318347997,KWWG-YP2Q-YG8J
300667355094,T9RK-C34N-X45F
300282625491,8QHF-9445-BCEE
300537314051,8HG1-BG2N-755F
300451298338,HUPA-YKK3-B5A7
300576324460,SRQ2-EKX2-A22F
300469551957,UVAB-G72Q-Y9AA
300815107308,8HG1-BG2N-755F
300677026360,YUAP-5N1B-Y68T
300033841697,KT11-UNJQ-YHE2
300109385155,6VJU-DQKW-YAE0
300208376267,XC12-Q5BD-7HDF
300461258212,W2W2-PKKA-X4DE
300350594515,W2W2-PKKA-X4DE
300093173613,EVV3-XN19-Y6CA
300089188254,60FQ-35H9-Y0AJ
300292805526,60FQ-35H9-Y0AJ
300248596940,60FQ-35H9-Y0AJ
300074240448,Y9TP-FKKU-YS1D
300317114460,8EFB-Q4A1-6JDF
300173848082,KT11-UNJQ-YHE2
300036458425,T9RK-C34N-X45F
300675214626,2H6F-1JJN-YSB2
300779268811,W2W2-PKKA-X4DE
300545725427,W2W2-PKKA-X4DE
300501475566,VDE8-BMMW-7R5F
300141181997,Y78E-MH1F-YQCE
300038341642,8HQ8-8P31-845F
300511710211,T90U-Q3MM-WW3A
300294509541,T90U-Q3MM-WW3A
300580616436,JKPG-XNJ5-Y4EG
300933207771,SNVE-0KU7-EH1V
300481291985,9CHC-0M23-T6E8
300540520155,SNVE-0KU7-EH1V
300026813115,SKW6-TKYK-6R1C
300791735713,5XHF-4K7Y-R0E4
300438002617,TBUF-P0MM-ND4B
300602135257,TWUU-164N-UV2A
300709580967,Y4V2-PKKA-00ED
300935603672,Y4V2-PKKA-00ED
300301122765,Y4V2-PKKA-00ED
300653714100,UF67-A4J3-Y7AX
300155479228,UF67-A4J3-Y7AX
300916265170,Y4V2-PKKA-00ED
300634375922,Y4V2-PKKA-00ED
300247819622,JQBY-QQJ1-YJA2
300821653019,SSHC-GH17-46E9
300337711915,6PHD-4HBS-8DE5
300198667437,CTS2-4KJD-5HDF
300274279600,YPV6-BKQB-466X
300527145221,BXFY-SM23-YUDA
300841716246,W2Y0-GK6F-2T5F
300198920697,W2Y0-GK6F-2T5F
300044902530,GG7U-85MM-W026
300238244310,AW2F-W5MN-S87S
300921884959,B6F5-01J3-YAFX
300520141310,QCHF-UN0A-1AE4
300400622603,SNST-EH4Q-5GDF
300464274459,SNST-EH4Q-5GDF
300103728082,T5WF-66MM-BY7V
300060607428,DUHC-BGDA-D8E9
300805106362,SDM9-Q227-CADF
300865636142,9TT2-53CK-5J5F
300202012437,9TT2-53CK-5J5F
300226266108,GRHY-K6MM-GF52
300182057523,4XHE-K75W-WV65
300904725044,00HE-MKEH-NRE5
300659411706,K7HD-T77Q-CSE5
300121775837,SDM9-Q227-CADF
300274387251,YMV2-YKHX-S42V
300782645229,AEUV-BHJ1-YHDV
300555892456,CGG9-J0MS-BV5F
300040279397,TU4B-H64M-MK38
300364906775,AKPF-PJ21-Y4EC
300900971021,AEUV-BHJ1-YHDV
300755450368,AEUV-BHJ1-YHDV
300794205910,HUPA-YKK3-B5A7
300166520913,UEK8-U223-YT8T
300808850541,UEK8-U223-YT8T
300827347767,T5WF-66MM-BY7V
300532842827,GXHF-XP11-6Q65
300592398672,GXHF-XP11-6Q65
300934197275,KCV6-MKK7-PN05
300219952450,79HD-Q63T-NYE5
300900846718,UEK8-U223-YT8T
300734387522,JWHF-T71H-JK67
300844979532,TU4B-H64M-MK38
300381510304,T5WF-66MM-BY7V
300552400537,CTS2-4KJD-5HDF
300588886837,79HD-Q63T-NYE5
300110612846,PEHE-R088-M4E4
300611172269,BXFY-SM23-YUDA
300052819097,CTS2-4KJD-5HDF
300375596020,PVHE-9NFD-XUE2
300539029270,PVHE-9NFD-XUE2
300155482390,PVHE-9NFD-XUE2
300668076545,W2Y0-GK6F-2T5F
300087513984,1KHC-WN7J-JY64
300889749693,00HE-MKEH-NRE5
300591148764,00HE-MKEH-NRE5
300979766681,YXW9-47GB-Y8BE
300540917290,38HF-S392-KNE5
300756822575,9BV8-EKF7-5PDF
300115484613,58HE-BJDT-GB64
300175979191,AMEH-XM6N-58DF
300512309418,AMEH-XM6N-58DF
300014074537,AMEH-XM6N-58DF
300311093583,RHVF-16MN-E00R
300567189627,PXHF-Y3CR-5F64
300243900012,TVC7-264N-8A2C
300707317121,AMEH-XM6N-58DF
300492848031,T5WF-66MM-BY7V
300568787880,T5WF-66MM-BY7V
300593717320,9BV8-EKF7-5PDF
300235929182,9BV8-EKF7-5PDF
300799640974,T5WF-66MM-BY7V
300949079810,C5TA-05T9-5F5F
300781550560,TAV5-M62H-Y4CR
300743569311,T5WF-66MM-BY7V
300189542754,YW93-F31B-Y1FX
300894609751,RHVF-16MN-E00R
300968376428,TKV3-J7MN-ND5D
300690296454,ECNU-XM2D-5JDF
300439068890,SNVE-0KU7-EH1V
300155933144,7SHD-V3BE-SQ67
300487670735,VE8H-B1RW-6V5F
300262726581,A9T6-M7J5-Y2AC
300875984813,A9T6-M7J5-Y2AC
300414903756,GFRY-R04N-805M
300490843607,JFKK-91MN-BG0M
300158550625,EMFX-47JW-Y788
300056660545,EHD8-U4JS-Y8CA
300231545317,7SHD-V3BE-SQ67
300873874943,G05U-07MN-740N
300140985336,G05U-07MN-740N
300239627721,TKV3-J7MN-ND5D
300414278638,A9T6-M7J5-Y2AC
300681974615,4THC-FJ18-R86K
300837302523,HKVT-JKMP-CH51
300004278116,HKVT-JKMP-CH51
300028399015,TKV3-J7MN-ND5D
300397333393,28KU-W125-YSDJ
300762724494,28KU-W125-YSDJ
300954094723,Q8VE-NKWU-R76Q
300726649456,JKPG-XNJ5-Y4EG
300279573613,SNVE-0KU7-EH1V
300180407249,TKV3-J7MN-ND5D
300272731094,AY6W-TQ25-YV8A
300914733044,A9T6-M7J5-Y2AC
300983063215,A0SG-14J1-YDEE
300700030373,Q8VE-NKWU-R76Q
300706857635,YUKA-K1KB-58DF
300901988547,GW17-17MM-WD43
300271132830,GW17-17MM-WD43
300500630164,A9T6-M7J5-Y2AC
300002395282,A9T6-M7J5-Y2AC
300911031547,BNAE-SPJ3-Y6FT
300616857141,B1FB-N1R7-HHDF
300803578802,0UHC-1480-94E5
300466229709,8H80-069N-5ADF
300989074639,38HF-S392-KNE5
300744022956,0UHC-1480-94E5
300215225011,JKPG-XNJ5-Y4EG
300808235638,GG7U-85MM-W026
300724433084,A9T6-M7J5-Y2AC
300655602445,BNAE-SPJ3-Y6FT
300490068156,SKW6-TKYK-6R1C
300651136915,26RY-34MN-U715
300049911973,T6FU-R74M-JA1V
300065775700,BB9J-QQK3-575F
300484126222,65U0-RM2S-YJF2
300142680802,TV9K-U0MN-RC1R
300785648225,WCHE-G26B-AJ69
300121983557,W2WP-5KKU-2F28
300554795132,8EFB-Q4A1-6JDF
300717846826,BVNJ-9N27-YKCR
300546149204,KBAS-25J7-YW8J
300538918726,WCHE-G26B-AJ69
300518031685,WCHE-G26B-AJ69
300854239341,WCHE-G26B-AJ69
300054557548,JHHE-J4D0-1GE6
300877409648,8CHF-A4DG-4TFS
300547364631,28G3-84MN-7261
300515826954,RRSB-J7MM-995Y
300352721700,31HF-UH53-EDE7
300935096117,P1HD-DP3D-CWE7
300075230493,HMVE-XKG7-NFF1
300020240247,G8HC-WPDH-BG6H
300648151536,Y3VA-0KGF-UWEU
300098329352,31HF-UH53-EDE7
300190653209,31HF-UH53-EDE7
300620608308,SEWJ-GKN7-KA2W
300694566773,X8BJ-B0KW-4NDF
300592905430,WXVA-WKPX-R99R
300264378069,KBAS-25J7-YW8J
300291685329,TTKK-K7MM-VY4E
300362148827,X6UY-2Q3W-YR9C
300318877186,UYRH-7N27-Y8AA
300089727152,GWGY-97MN-TA0K
300054452889,3F55-T427-YB86
300552687769,UUVE-CKPJ-MS5D
300407518547,J1HP-BGJ5-YTDG
300366303240,ENG1-6QJS-YC98
300518442412,KBAS-25J7-YW8J
300716527821,GWGY-97MN-TA0K
300795930668,UYRH-7N27-Y8AA
300743057706,KCV6-MKK7-PN05
300855158836,N5WP-KKVE-QM66
300776490680,J1HP-BGJ5-YTDG
300241278883,G2HE-YG65-SUE7
300818927570,G2HE-YG65-SUE7
300963357646,AMEH-XM6N-58DF
300168218155,UX71-V3C3-5H5F
300633862168,W2WP-5KKU-2F28
300470429234,W2WP-5KKU-2F28
300835820335,N5WP-KKVE-QM66
300795828710,B99R-UN03-32DF
300268921832,65U0-RM2S-YJF2
300478556097,65U0-RM2S-YJF2
300941292112,S1WJ-0KGJ-TKEA
300112351297,S1WJ-0KGJ-TKEA
300661464156,6YHF-2G4C-9E66
300779953474,6YHF-2G4C-9E66
300963768260,XY98-5HV9-63DF
300784279011,URYU-FJ63-5UDF
300907860441,TRNK-07MN-1K29
300477701751,S1WJ-0KGJ-TKEA
300336154218,XCSN-UJ1S-YMCT
300077656408,T6FU-R74M-JA1V
300863018504,QKWP-XKNY-C233
300502061760,TRNK-07MN-1K29
300115448309,KPUA-GKX7-Y905
300455751640,G8MQ-T7MM-4G74
300224898556,JWHF-T71H-JK67
300053018460,XCSN-UJ1S-YMCT
300878656856,XCSN-UJ1S-YMCT
300851464999,BAKW-CNJ7-YEBX
300569248063,SQVA-CKG3-RF2C
300657709816,JWHF-T71H-JK67
300781659885,A9T6-M7J5-Y2AC
300150435539,A9T6-M7J5-Y2AC
300834284439,EMFX-47JW-Y788
300715093402,WXVA-WKPX-R99R
300811185579,WXVA-WKPX-R99R
300807151645,QKWP-XKNY-C233
300824270130,SQVA-CKG3-RF2C
300055822173,YQAN-712F-YN9C
300059064399,TRNK-07MN-1K29
300573341062,WXVA-WKPX-R99R
300002389432,J9EB-W0MM-7S24
300180757786,Q2HF-BJ9X-5U66
300757268525,AT1K-CJ25-Y9FA
300342487977,J9EB-W0MM-7S24
300592685907,JHHE-J4D0-1GE6
300733019972,3F55-T427-YB86
300792248140,3F55-T427-YB86
300132672802,69HE-B09C-NC61
300502160221,6YHF-2G4C-9E66
300407512372,WCHE-G26B-AJ69
300582498605,VE8H-B1RW-6V5F
300180796240,WCHE-G26B-AJ69
300158099555,WCHE-G26B-AJ69
300264260238,YA22-TG0Y-6NDF
300086813942,DUHC-BGDA-D8E9
300380950244,TV9K-U0MN-RC1R
300460474479,W2WP-5KKU-2F28
300102686332,KT11-UNJQ-YHE2
300249807025,J9EB-W0MM-7S24
300351645513,VE8H-B1RW-6V5F
300073852266,N5WP-KKVE-QM66
300182906111,QKWP-XKNY-C233
300785241415,QKWP-XKNY-C233
300042676840,QTWP-PKJY-KD14
300238207926,J9EB-W0MM-7S24
300860853586,UPHE-8N4J-AJ69
300721476910,UPHE-8N4J-AJ69
300090805285,ENG1-6QJS-YC98
300995614366,J9EB-W0MM-7S24
300960122845,J9EB-W0MM-7S24
300333946551,J9EB-W0MM-7S24
300332348297,KP9C-Y627-Y8D2
300102232698,QTWP-PKJY-KD14
300760103369,HUWP-EKHP-2J9M
300075450521,QHVA-3KGB-XY56
300443355984,ENG1-6QJS-YC98
300470814670,J9EB-W0MM-7S24
300329062331,QKWP-XKNY-C233
300795598624,EHD8-U4JS-Y8CA
300832181433,QHVA-3KGB-XY56
300380543433,WCHE-G26B-AJ69
300067706425,QKWP-XKNY-C233
300158448395,R3VU-KHG5-8P5F
300035291889,R3VU-KHG5-8P5F
300891690792,TNY3-K0MM-YV0W
300654010122,RTX7-30MM-205R
300082894655,RTX7-30MM-205R
300860622850,YA22-TG0Y-6NDF
300670112932,J9EB-W0MM-7S24
300420256800,WCHE-G26B-AJ69
300016158655,J9EB-W0MM-7S24
300741150483,R3VU-KHG5-8P5F
300226326802,R3VU-KHG5-8P5F
300349076282,BVNJ-9N27-YKCR
300343896950,BB9J-QQK3-575F
300174093704,SNVE-0KU7-EH1V
300310481527,PYUM-TN29-YWBP
300043893628,PYUM-TN29-YWBP
300847670858,2KXY-534M-HC20
300254266570,YAVP-BKNT-JSBD
300398368965,YAVP-BKNT-JSBD
300649136899,SBHC-5712-WAEX
300174386361,7YPV-V22B-YEBJ
300169211913,Y2YA-SKRX-8SEW
300689403924,Y2YA-SKRX-8SEW
300938189876,U6PH-R037-3J5F
300113345055,U6PH-R037-3J5F
300395113184,SBHC-5712-WAEX
300597071675,W2YA-GKWF-5E9U
300156869390,W2YA-GKWF-5E9U
300522895374,W2YA-GKWF-5E9U
300637465981,2H2Q-V34M-UQ6J
300039788806,YBWU-F1RY-3A5F
300408723502,YBWU-F1RY-3A5F
300350512762,QVYA-YKPY-T8AM
300519581574,FHDB-9JWY-E3DF
300235376773,X001-Y149-31DF
300621489115,WJYA-PKNX-FT4X
300610681678,K3J5-RPKQ-YSFJ
300466180648,70TD-F1JB-YU92
300581498839,FMC2-GPWU-30DF
300219455559,70TD-F1JB-YU92
300824635416,9FJ3-NP8Q-40DF
300995481144,2K77-A0MN-QA66
300070639390,K3J5-RPKQ-YSFJ
300282154308,DJHF-7Q3T-CE6X
300272925561,DJHF-7Q3T-CE6X
300864223323,USYG-S6PQ-34DF
300499807662,EJ2U-8GK9-YKDA
300990976452,WJYA-PKNX-FT4X
300340111542,S1YE-1KKK-XY4A
300051342176,RUHD-0M94-AE6X
300944270201,34D1-PPKQ-Y8F6
300106066226,4CHC-60B8-V1E3
300020843987,4CHC-60B8-V1E3
300888250442,BUHC-5P3P-H46S
300864738425,S1YE-1KKK-XY4A
300542526568,KNSW-Y13Q-Y58G
300797036959,KNSW-Y13Q-Y58G
300282930074,KNSW-Y13Q-Y58G
300638374699,KNSW-Y13Q-Y58G
300197037471,AB1F-00MN-8H5W
300737322085,YAVP-BKNT-JSBD
300808359567,YAVP-BKNT-JSBD
300884483738,YAVP-BKNT-JSBD
300107371811,KNSW-Y13Q-Y58G
300880773129,KNSW-Y13Q-Y58G
300084272950,HKYA-4KQ7-CK27
300680496095,83HD-8G50-XA6S
300016177948,USYG-S6PQ-34DF
300597368607,AJ7U-D2MM-6T5F
300526654630,YAVP-BKNT-JSBD
300499242137,YAVP-BKNT-JSBD
300662208041,E6HF-V4BW-SAEY
300465717935,23MA-473N-YWFM
300421509352,RKFG-NQ75-3SDF
300281805007,Q5YE-PKSY-KR4K
300275307546,E6HF-V4BW-SAEY
300743511509,E6HF-V4BW-SAEY
300311893075,E0RQ-GP2D-YSAR
300094917687,2H2Q-V34M-UQ6J
300807744654,D8V1-67XB-3YDF
300639109180,2XF7-N34N-MX7H
300384716833,38GS-51KQ-YU84
300957862482,38GS-51KQ-YU84
300310581810,38GS-51KQ-YU84
300409851077,Q5YE-PKSY-KR4K
300004052712,USYG-S6PQ-34DF
300352010071,2K77-A0MN-QA66
300593890861,UG7N-1J3Q-Y0A8
300733897257,UG7N-1J3Q-Y0A8
300540364881,VE8H-B1RW-6V5F
300512540303,QVYA-YKPY-T8AM
300258516594,QVYA-YKPY-T8AM
300290682550,91T8-D2HK-3UDF
300278986014,NAHF-KN3U-50F7
300699302608,23MA-473N-YWFM
300193686433,USVX-QKPQ-2E0C
300928012230,Y3YE-8KMA-57ES
300484430905,HQVP-BKK2-B261
300380100960,UCVP-MKHK-7S1Y
300936821653,UCVP-MKHK-7S1Y
300104191706,QFVP-QKVF-S632
300454349169,UCVP-MKHK-7S1Y
300426406588,EBHF-MP68-NNCU
300344726874,HQVP-BKK2-B261
300437050406,HQVP-BKK2-B261
300715238267,WD8U-F7DU-4DDF
300552133013,WD8U-F7DU-4DDF
300584238755,WDTP-5KGA-V10A
300233904105,Y3YE-8KMA-57ES
300951886864,PDPU-9QJ9-Y8C6
300066933303,AAH2-J6X1-345F
300917360593,W0S1-QNDB-4BDF
300195789282,QNYA-GKQF-JY51
300594230668,WJYA-PKNX-FT4X
300210805245,PDPU-9QJ9-Y8C6
300277419115,AAH2-J6X1-345F
300043834443,4YHF-KM08-XYE1
300861616618,STVP-KKP2-430V
300230433222,STVP-KKP2-430V
300418329707,70TD-F1JB-YU92
300464022708,70TD-F1JB-YU92
300638497000,7AHE-JK1B-81E1
300067340575,7AHE-JK1B-81E1
300419931910,P3WK-E229-YB94
300836687179,P3WK-E229-YB94
300103062612,4YHF-KM08-XYE1
300745392249,4YHF-KM08-XYE1
300579604161,STVP-KKP2-430V
300952471023,NBVP-3KYX-WT04
300038646347,WHV6-7KWA-Q6AR
300756465264,20HC-KG14-02E5
300848789119,20HC-KG14-02E5
300071015186,Y1DF-6NJF-Y8CR
300896858377,HKVT-JKMP-CH51
300877519875,HKVT-JKMP-CH51
300329181108,JT0Q-154N-5871
300024599945,Q8QV-6K2F-YXAM
300431803877,NMVT-YKXA-2S0H
300933400046,XK2K-B28D-4Y5F
300626934788,7VY6-0N2U-YGDP
300718930955,7VY6-0N2U-YGDP
300412506652,7VY6-0N2U-YGDP
300663064097,NMVT-YKXA-2S0H
300305234998,NMVT-YKXA-2S0H
300027482703,NMVT-YKXA-2S0H
300979933250,NMVT-YKXA-2S0H
300361877308,NMVT-YKXA-2S0H
300155897615,AMEH-XM6N-58DF
300897680719,RHTY-U64M-XG79
300263064790,FGGD-E42F-YFAA
300969128884,34HF-RG87-WME3
300437715381,69HE-B09C-NC61
300913262028,B1RK-K45Q-4FDF
300800108583,7YPV-V22B-YEBJ
300076659107,34HF-RG87-WME3
300502512716,PB8M-V1JD-Y8DJ
300628884166,1RHC-07BK-Q163
300955263799,X0RG-413S-YR8V
300968718260,JFHU-25MM-8P0H
300414616522,34HF-RG87-WME3
300691801514,JFHU-25MM-8P0H
300755453361,K5VX-5KRQ-GC5J
300414008268,K5VX-5KRQ-GC5J
300635934654,K5VX-5KRQ-GC5J
300785136777,69HE-B09C-NC61
300089686886,GG7U-85MM-W026
300311091312,GJUB-K5MN-Y94H
300849043663,6UHF-YKA9-B360
300358141409,1RHC-07BK-Q163
300601689306,RHTY-U64M-XG79
300199471981,6GTJ-Q32D-YY86
300022541658,GG7U-85MM-W026
300379302254,GKVK-D04N-J706
300507348325,GKVK-D04N-J706
300197192563,60EC-C42D-Y5EG
300796342059,GJUB-K5MN-Y94H
300385493948,YYXA-9P2B-YQ8A
300306997096,RHTY-U64M-XG79
300901029464,SGVX-CKPK-6KCU
300922139504,69HE-DP5D-G463
300822062115,69HE-DP5D-G463
300929238758,70TD-F1JB-YU92
300694009179,SNVE-0KU7-EH1V
300510096240,PD99-WMJD-Y0E4
300915985213,6UHF-YKA9-B360
300500371751,7YPV-V22B-YEBJ
300592695605,6UHF-YKA9-B360
300600765445,69HE-DP5D-G463
300068398131,XHNY-MKJD-YM9T
300437332511,XHNY-MKJD-YM9T
300155443263,XHNY-MKJD-YM9T
300999732091,PD99-WMJD-Y0E4
300848791965,5EHD-5N3A-9FE3
300570671032,XP1N-Q32D-Y7FR
300241975719,YDVJ-0KKA-HV1U
300195827397,FS85-KJJB-YR8T
300679961854,FS85-KJJB-YR8T
300099426812,0QN7-B4MM-FN1Q
300740029498,WTVX-5KMB-M178
300832025665,AD0A-K001-4DDF
300605268572,GJUB-K5MN-Y94H
300678032302,XP1N-Q32D-Y7FR
300173007630,XP1N-Q32D-Y7FR
300248619801,XP1N-Q32D-Y7FR
300716485295,NMVT-YKXA-2S0H
300672235750,8K1K-H34N-M27V
300521976946,K7HD-T77Q-CSE5
300793453105,YBWU-F1RY-3A5F
300140536451,RQWF-W5MM-455B
300756820629,RQWF-W5MM-455B
300409242419,UHK2-9H97-1DDF
300061975292,XP1N-Q32D-Y7FR
300427366719,XP1N-Q32D-Y7FR
300122381774,GJUB-K5MN-Y94H
300844277184,AB1F-00MN-8H5W
300867853572,YYXA-9P2B-YQ8A
300815234714,USVX-QKPQ-2E0C
300311503242,RQWF-W5MM-455B
300348404163,GJUB-K5MN-Y94H
300439952421,YYXA-9P2B-YQ8A
300740278449,B1FB-N1R7-HHDF
300893065644,6UHF-YKA9-B360
300062021161,TACQ-VQ3N-YMF8
300383833056,F5T9-JPRY-B5DF
300939920892,QUWJ-BKSB-158P
300333051974,GQ2Y-12MM-UM4G
300356002492,7C0K-CMJU-YKB6
300435452466,6UHF-YKA9-B360
300054223919,9FJ3-NP8Q-40DF
300875248669,USVX-QKPQ-2E0C
300934804517,PB8M-V1JD-Y8DJ
300645130383,GG7U-85MM-W026
300795315755,4XHE-K75W-WV65
300480108969,6UHF-YKA9-B360
300249553292,YYXA-9P2B-YQ8A
300018700201,YYXA-9P2B-YQ8A
300831796030,T34U-65MN-TK1B
300212843384,X8BJ-B0KW-4NDF
300295157350,T5WF-66MM-BY7V
300141280841,DUHC-BGDA-D8E9
300910586484,H3V6-5KHP-KT32
300017993822,8H80-069N-5ADF
300803355782,8H80-069N-5ADF
300128921501,T5WF-66MM-BY7V
300497855887,0UHC-1480-94E5
300558379853,PVHE-9NFD-XUE2
300027376974,PVHE-9NFD-XUE2
300796682618,HKVT-JKMP-CH51
300213527520,BXFY-SM23-YUDA
300730077120,NMVT-YKXA-2S0H
300930677982,8K1K-H34N-M27V
300780479941,0UHC-1480-94E5
300406266849,J0BS-0321-Y3CP
300502359018,J0BS-0321-Y3CP
300208181755,J0BS-0321-Y3CP
300220623749,FYX1-UG5Y-4R5F
300722219916,FYX1-UG5Y-4R5F
300154706488,HKVT-JKMP-CH51
300385559570,HKVT-JKMP-CH51
300214262336,FQ4B-0M2F-Y5CC
300284972207,YY2C-KQ2F-YHEX
300488630439,U6VT-VKJQ-XS9R
300134897331,QBVT-YKSU-5A1G
300210837183,YYVT-PKGE-CY08
300677009608,J0BS-0321-Y3CP
300084902376,J0BS-0321-Y3CP
300450293477,JSDQ-B6MN-KM14
300559114660,J3JF-154M-2R3G
300304886158,ETWG-2NPW-485F
300245489487,FQ4B-0M2F-Y5CC
300024192810,YPVT-CKWE-KC6D
300963431289,Q7G7-U0JF-YA9P
300746230612,5GHC-2H2U-5V62
300956603563,ETWG-2NPW-485F
300467189402,8H80-069N-5ADF
300753176305,DUHC-BGDA-D8E9
300254941424,DUHC-BGDA-D8E9
300298363396,X6UY-2Q3W-YR9C
300688156096,0UHC-1480-94E5
300653910748,KHHC-N6DJ-4J65
300573908207,K2YB-A3D7-YSC2
300145418703,NHVT-UKGA-GTCQ
300237414879,NHVT-UKGA-GTCQ
300003666363,PAHF-7G3W-FR62
300578742646,QVVQ-34JF-YHD0
300047698805,QVVQ-34JF-YHD0
300284565395,T5D7-T54N-XG4V
300891415449,V1HE-F02C-YPFY
300478674863,XP1N-Q32D-Y7FR
300996425053,YQAN-712F-YN9C
300870297332,KHHC-N6DJ-4J65
300376117491,KHHC-N6DJ-4J65
300712324833,AV25-83J1-Y5CA
300919621865,PAHF-7G3W-FR62
300138322620,PAHF-7G3W-FR62
300230646475,HUPA-YKK3-B5A7
300003930345,Y1DF-6NJF-Y8CR
300557140724,8K1K-H34N-M27V
300511729299,YY2C-KQ2F-YHEX
300958491908,AV25-83J1-Y5CA
300077881565,QWF3-00JU-YVCG
300095637496,NMVT-YKXA-2S0H
300208629527,AV25-83J1-Y5CA
300050657028,WHV6-7KWA-Q6AR
300812332125,WHV6-7KWA-Q6AR
300391706155,Q6XA-CKYY-Y050
300737368243,TBHF-7P9M-DCEW
300920504261,A9ER-G1KN-YPFA
300139020705,A9ER-G1KN-YPFA
300515335623,TYM3-U7F1-245F
300353776936,0ME7-Y14M-8V46
300183557383,0ME7-Y14M-8V46
300273892475,K7YX-6KQ7-W7DN
300390687242,X6UY-2Q3W-YR9C
300334820384,ARHD-G15H-A96U
300898250791,KSYX-6KT7-PG7G
300208254992,X7XQ-43KW-YSAA
300616101378,X7XQ-43KW-YSAA
300184807977,AGA8-3K21-2YDF
300521486357,NJYX-RKSX-5WE0
300243365422,SGYX-NKG3-CGES
300489736976,2BXB-S1MM-D92J
300224231726,9NHC-J726-X56U
300466248991,XYYC-2PKW-YGCV
300168364865,E97A-PMCD-2UDF
300534560006,TWUV-WHMM-7W59
300610172178,TWUV-WHMM-7W59
300363903681,T193-71A5-2HDF
300107686393,T193-71A5-2HDF
300340804822,8VFK-21MM-KK3X
300058915573,RPHE-4594-1MEU
300646179589,RPHE-4594-1MEU
300380343374,YADE-8K3U-YB88
300716493643,QRPA-UKCA-0SAG
300233106929,168K-2HMQ-JH43
300924310787,168K-2HMQ-JH43
300267692904,168K-2HMQ-JH43
300872089344,168K-2HMQ-JH43
300540823780,QDUJ-GK5T-EX0H
300557208886,QDUJ-GK5T-EX0H
300140159058,QDUJ-GK5T-EX0H
300487909448,S0YJ-EKPP-5U5B
300273440351,9A21-9243-2U5F
300367906352,JKGW-EM2N-Y066
300402337631,BKBX-5MKQ-YV3R
300523186345,BKBX-5MKQ-YV3R
300103179846,9A21-9243-2U5F
300832202279,2AGQ-004N-TE2N
300567209024,THHC-AM4H-T2ER
300013066324,THHC-AM4H-T2ER
300233221231,W2Y0-GK6F-2T5F
300543003659,QTGJ-FKHU-1VCH
300492003988,2NQF-304M-4E16
300571712152,2NQF-304M-4E16
300888738555,JKGW-EM2N-Y066
300556784626,FXYR-J4NU-YQ8T
300579174770,P81M-51QS-YFEJ
300452974532,QMHC-S4FX-GCCP
300139840345,Y9KJ-7KPB-07BA
300477101935,FQ2E-66KU-YRAE
300225431392,YEYJ-BKGU-5KFY
300583260490,YEYJ-BKGU-5KFY
300432673626,QHXR-QMKU-YFEJ
300155960313,1RHC-07BK-Q163
300260643666,DY5K-KMXB-22DF
300202332533,QHXR-QMKU-YFEJ
300261560700,QHXR-QMKU-YFEJ
300007788991,6FAT-0619-YEF2
300803598556,2VJU-A0MM-A467
300372711150,QHXR-QMKU-YFEJ
300144930903,C5HE-HJ8S-BQES
300583714067,FQ2E-66KU-YRAE
300780907295,N8YP-0KPF-A187
300666354991,B6KH-VM03-YX3E
300014660910,N8YP-0KPF-A187
300637366420,KEY6-DKUP-3907
300877379633,AU9B-P14M-P16X
300593275958,S1S0-1GSQ-3FDF
300784646187,S1S0-1GSQ-3FDF
300366518866,8DAY-R2MN-K22W
300569828933,8DAY-R2MN-K22W
300212347990,RHHC-E5B0-7J6W
300566816724,YJHC-GJDU-3YET
300351671792,YJHC-GJDU-3YET
300646524897,YJHC-GJDU-3YET
300071713260,AU9B-P14M-P16X
300897740772,AAHE-KM34-E0ET
300539911674,AAHE-KM34-E0ET
300540539234,K7YX-6KQ7-W7DN
300313782142,E6HF-V4BW-SAEY
300516928374,FYR9-EPKY-Y99A
300271903522,RHHC-E5B0-7J6W
300038155331,TTHS-473H-YDC8
300517722434,TTHS-473H-YDC8
300887045937,KVY6-GKXQ-V323
300609252681,9SJ2-AHUK-3QDF
300328573001,D8HF-4P6X-UXET
300797728856,D8HF-4P6X-UXET
300155852795,AAHE-KM34-E0ET
300878402271,AU9B-P14M-P16X
300277652765,S0HE-PP0P-AR6T
300626747038,BR72-YKPQ-2RDF
300147323272,BR72-YKPQ-2RDF
300830830915,9SJ2-AHUK-3QDF
300156540318,2VFQ-D2MM-TF5K
300513227654,2VFQ-D2MM-TF5K
300014951812,Y8HE-1M6T-0T6W
300254553973,AAHE-KM34-E0ET
300723266155,QGYT-0KGB-JP9K
300818032601,AU9B-P14M-P16X
300226148455,UEK8-U223-YT8T
300800682096,TFHC-JHC5-XU6T
300493889150,TFHC-JHC5-XU6T
300553445009,QH3E-KQKY-Y3AG
300386986137,7UTA-EP3Y-YYA4
300955995780,QGYT-0KGB-JP9K
300889945815,S0HE-PP0P-AR6T
300122516718,S0HE-PP0P-AR6T
300380795106,FYR9-EPKY-Y99A
300819625745,94HD-W49K-KV6W
300478982304,9GHD-GJ33-MH6T
300724965051,7H16-C2KY-YXF2
300900988771,E6HF-V4BW-SAEY
300238461119,28NY-B1MN-M15M
300984268459,A9ER-G1KN-YPFA
300979849199,3MHE-V5EK-NK6H
300866846955,FYR9-EPKY-Y99A
300099417856,S0HE-PP0P-AR6T
300568246026,S0HE-PP0P-AR6T
300331307246,28VB-03MM-QS31
300676396976,BNHE-RP97-4KEY
300648909234,QGYE-TKYB-XX0N
300017725847,UYPA-ANRQ-3JDF
300625810375,8P9Y-N3MM-K25U
300962017716,8P9Y-N3MM-K25U
300263767633,8GGB-924N-7D4Y
300042860081,8GGB-924N-7D4Y
300756099100,R9C9-RQ80-5CDE
300235838350,AFKB-F24M-981T
300481821108,S0Y2-PKSQ-DQ5S
300541561274,S0Y2-PKSQ-DQ5S
300320305567,DRR3-3JNF-3Y5F
300263767701,DRR3-3JNF-3Y5F
300876513935,25NF-W24M-EB7N
300240668841,00MF-B24N-HJ0H
300273772214,K1Y2-GKX6-9N4P
300915774163,K1Y2-GKX6-9N4P
300137357504,VQN1-13QD-375F
300630138037,25NF-W24M-EB7N
300074105314,VQN1-13QD-375F
300819912654,KA3Q-TH3K-YJDM
300912236501,KA3Q-TH3K-YJDM
300656295400,W5GG-970B-3V5F
300158572528,XQHC-VN1W-BQ6V
300390974476,XQHC-VN1W-BQ6V
300860130326,XQHC-VN1W-BQ6V
300050829827,XQHC-VN1W-BQ6V
300284071454,XQHC-VN1W-BQ6V
300837031465,XQHC-VN1W-BQ6V
300189423112,XQHC-VN1W-BQ6V
300622050378,XQHC-VN1W-BQ6V
300368170020,2H2Q-V34M-UQ6J
300382551355,B5HF-AM42-HDEW
300323961120,KKUA-KKH7-RX20
300086321733,AXU7-K24M-W70X
300300862260,HKY2-VKVQ-6B7M
300063181912,HKY2-VKVQ-6B7M
300023069014,QEY2-BKJF-MYE5
300883052357,QEY2-BKJF-MYE5
300368945479,UAY2-NKTJ-UW6W
300741464739,UAY2-NKTJ-UW6W
300210461850,HKY2-VKVQ-6B7M
300277198535,HKY2-VKVQ-6B7M
300224028797,R9C9-RQ80-5CDE
300436484316,DQHD-EP0U-136V
300902056409,BU3W-UPKK-Y5E8
300544739308,UFY2-TKTP-RTAE
300479049602,VE8H-B1RW-6V5F
300719620738,DFHF-T17U-H5EW
300614895534,DQHD-EP0U-136V
300674451381,DQHD-EP0U-136V
300934090907,AJ7U-D2MM-6T5F
300164144834,J4C2-KNKH-YUC4
300417322967,24C3-V24M-AH00
300088724068,DFHF-T17U-H5EW
300454115485,SRY6-0KJ7-EJFB
300334542970,VVHF-Q3BD-DDEW
300503049802,VC32-00F9-2VDF
300273891429,94HD-W49K-KV6W
300112271018,2DWB-P2MN-DV5H
300622679072,U3Y6-8KGP-AHE8
300763197466,A9HE-C7C1-47EW
300392337987,W2QB-GKKY-3TDF
300532344374,HFY6-8KXJ-0YEH
300179243010,3Y6N-G13K-YUB6
300545146110,K7Y2-FKGJ-DM2Q
300068577332,HFY6-8KXJ-0YEH
300301491281,HFY6-8KXJ-0YEH
300787031133,VFJT-AQCW-3WDF
300019602034,VFJT-AQCW-3WDF
300296101934,X0RG-413S-YR8V
300159085416,D9HC-V29X-S2EV
300225768553,269U-S0MN-VP41
300104076988,J4C2-KNKH-YUC4
300806146783,8BKU-22MN-Q70E
300242163045,V0G9-DMWW-3GDF
300524435556,D9HC-V29X-S2EV
300694813789,S540-WPEK-3X5F
300473742718,S540-WPEK-3X5F
300468568695,A45Q-724N-PG1W
300886182635,8BKU-22MN-Q70E
300591165695,AF7E-7M3H-Y4DR
300732011760,8WNY-92MN-VQ69
300080642700,NXY6-8KMY-NP1Q
300657662612,FHDB-9JWY-E3DF
300837544037,A45Q-724N-PG1W
300675475603,AWHC-NMD0-MH6V
300032516213,AWHC-NMD0-MH6V
300694079367,E9HE-JHB8-J16V
300037063956,BRS0-CNV3-Y09T
300405998378,D8V1-67XB-3YDF
300442822500,JTHC-5KMN-WK0H
300362015730,TBHF-7P9M-DCEW
300936301757,E9HE-JHB8-J16V
300302005160,39HM-963K-YY90
300694814173,WGHD-E5CE-AM6V
300775487595,94HD-W49K-KV6W
300128875802,B5HF-AM42-HDEW
300084625941,2EK0-543H-YABP
300846817287,2EK0-543H-YABP
300105101102,SMY6-WKHK-SWBD
300643904986,SMY6-WKHK-SWBD
300670980508,39HM-963K-YY90
300950474170,E6HF-V4BW-SAEY
300111822929,94HD-W49K-KV6W
300767855056,TBHF-7P9M-DCEW
300807745048,KEY6-DKUP-3907
300516987942,KEY6-DKUP-3907
300156361623,0E9B-M24M-XK0K
300916963254,0E9B-M24M-XK0K
300976703421,8GHF-B064-CQ6V
300635258327,8GHF-B064-CQ6V
300144018146,USYG-S6PQ-34DF
300426820544,83HD-8G50-XA6S
300157096786,KNSW-Y13Q-Y58G
300347689123,8P9Y-N3MM-K25U
300207841735,WYHE-J55A-DV6Y
300300349901,WYHE-J55A-DV6Y
300502760395,XQNR-JPKS-YHFX
300347907160,9FJ3-NP8Q-40DF
300312749841,X0RG-413S-YR8V
300449741068,USYG-S6PQ-34DF
300709090200,EQHF-5JDD-T6EV
300855724824,FHDB-9JWY-E3DF
300379540348,SGYE-UKKQ-UG9Y
300049298689,AU22-40S5-3GDF
300795454186,AU22-40S5-3GDF
300926526193,NYYE-BKWT-UH3J
300568697093,NYYE-BKWT-UH3J
300352009686,UPYP-NKR3-M61X
300643043801,AAH2-J6X1-345F
300211717080,AAH2-J6X1-345F
300973573030,SGYE-UKKQ-UG9Y
300215759259,FMC2-GPWU-30DF
300435855294,A027-23MN-6K4A
300133438218,NYYE-BKWT-UH3J
300366515683,8PDK-23MM-WA0D
300856151537,8PDK-23MM-WA0D
300192200467,AY1H-C4A5-3XDF
300890280752,K1YE-5KW6-XWE1
300422090033,KSBY-843Q-YHF4
300913786568,T5P2-VK1H-31DF
300997299839,A027-23MN-6K4A
300057208959,W9YE-HKHE-9P0F
300715922267,W9YE-HKHE-9P0F
300775150435,YUBH-42EU-30DF
300982392668,YUBH-42EU-30DF
300310300662,AY1H-C4A5-3XDF
300800284678,AY1H-C4A5-3XDF
300169101281,EPHF-9648-2W6Y
300121832437,CQST-D1WW-2PDF
300414807759,A0Q3-R24M-KF4C
300533593416,Y3YE-8KMA-57ES
300555416122,Q2VJ-HKNA-YGD1
300798179532,70TD-F1JB-YU92
300625075569,XERU-NGE9-31DF
300752051575,007U-53MM-ED70
300498027867,A9ER-G1KN-YPFA
300283558778,QGYE-TKYB-XX0N
300414920193,U1Y1-8HU3-35DF
300371346490,U1Y1-8HU3-35DF
300116995105,KQX6-YKKK-YME4
300913891363,E6HF-V4BW-SAEY
300990667460,H7WP-XKHJ-5843
300854965527,TVNH-HGJH-3YDF
300191341811,TVNH-HGJH-3YDF
300617513961,KJHC-11A2-D36Q
300340273675,KJHC-11A2-D36Q
300606513486,UHK2-9H97-1DDF
300404785900,UHK2-9H97-1DDF
300982905310,UHK2-9H97-1DDF
300468904262,UHK2-9H97-1DDF
300072557380,UHK2-9H97-1DDF
300714559330,UHK2-9H97-1DDF
300774627185,UHK2-9H97-1DDF
300174447910,2561-7M35-YAD4
300437277766,UHK2-9H97-1DDF
300658692470,UHK2-9H97-1DDF
300751016003,UHK2-9H97-1DDF
300393698900,UHK2-9H97-1DDF
300473407075,UHK2-9H97-1DDF
300178717813,UHK2-9H97-1DDF
300527510294,UHK2-9H97-1DDF
300892901710,UHK2-9H97-1DDF
300647545981,UHK2-9H97-1DDF
300055950434,UHK2-9H97-1DDF
300421300890,UHK2-9H97-1DDF
300624447123,UHK2-9H97-1DDF
300166325152,UHK2-9H97-1DDF
300307171226,UHK2-9H97-1DDF
300643378565,UHK2-9H97-1DDF
300889033633,UHK2-9H97-1DDF
300041456261,8H92-GMN1-105F
300508735360,KFBX-Q3K3-YU8M
300140608956,3YM3-CH33-YGEG
300418217882,SPX2-BKVJ-CYFX
300723940480,3YM3-CH33-YGEG
300981869486,UHK2-9H97-1DDF
300865934772,UHK2-9H97-1DDF
300794773550,VMTJ-UJ29-1S5F
300366111382,HXX2-BKU7-KG7Q
300446331554,HXX2-BKU7-KG7Q
300460095456,UHK2-9H97-1DDF
300643785691,UHK2-9H97-1DDF
300432042187,FQPJ-3GMB-0SDF
300316107472,8FN3-9GXN-1V5F
300740102670,G4HC-AN80-KHEM
300613526017,B9BR-R733-YKD8
300353192433,UHK2-9H97-1DDF
300122851349,UHK2-9H97-1DDF
300649478179,UHXE-UKKK-0V19
300780320025,KJX2-7KVP-8A0K
300542823995,KJX2-7KVP-8A0K
300606475528,2S9Q-C64N-2023
300624447516,UHK2-9H97-1DDF
300393082109,UHK2-9H97-1DDF
300621830395,QNXA-GKWE-7RAP
300356836824,8E4K-V64N-UY3D
300724453165,2S9Q-C64N-2023
300579280666,PUHD-14BV-CE6M
300517544177,UHK2-9H97-1DDF
300369983247,UHK2-9H97-1DDF
300235782213,3GJ7-S433-YBB2
300709387209,8E4K-V64N-UY3D
300407874014,007U-53MM-ED70
300175815785,TV4D-JGJ1-YQBR
300699789742,Q232-TKXA-W9EH
300132302576,UHK2-9H97-1DDF
300811312841,UHK2-9H97-1DDF
300074620855,RJDG-C6SH-1R5F
300836812191,RJDG-C6SH-1R5F
300877378025,W9YE-HKHE-9P0F
300109948925,W9YE-HKHE-9P0F
300300970990,9R4S-32W7-1V5F
300278392576,UHK2-9H97-1DDF
300755405021,UHK2-9H97-1DDF
300038898672,97QG-VKDQ-1X5F
300086850066,9R4S-32W7-1V5F
300920097101,QNXA-GKWE-7RAP
300746252605,KJHC-11A2-D36Q
300370086669,UHK2-9H97-1DDF
300042189052,A5C0-QKU5-14DF
300225660970,KJHC-11A2-D36Q
300948210771,KJHC-11A2-D36Q
300038721172,97QG-VKDQ-1X5F
300281632498,FQPJ-3GMB-0SDF
300574451447,2T87-J5MM-8V05
300330093641,UUSP-JK33-YEAC
300263080619,8H92-GMN1-105F
300340860666,QNXA-GKWE-7RAP
300063415574,QNXA-GKWE-7RAP
300897292336,KJHC-11A2-D36Q
300873563757,KJHC-11A2-D36Q
300899948471,FKP3-Q0FU-1QDF
300638723226,FKP3-Q0FU-1QDF
300809101844,KJHC-11A2-D36Q
300518508583,KJHC-11A2-D36Q
300797741378,WNXE-7KVX-FT2D
300475404119,WNXE-7KVX-FT2D
300123080658,UHK2-9H97-1DDF
300935919357,UHK2-9H97-1DDF
300344033965,QRXE-YKQT-BF8Q
300217129623,F979-VQYB-1BDF
300594120756,79HE-HP0A-BNEQ
300288167498,79HE-HP0A-BNEQ
300276847984,UTEH-4PA7-15DF
300460497261,UTEH-4PA7-15DF
300437173031,UHK2-9H97-1DDF
300841640219,UHK2-9H97-1DDF
300363779277,A782-ENK5-YEEX
300005950170,8997-P7MN-NT2C
300571021896,79HE-HP0A-BNEQ
300213192797,79HE-HP0A-BNEQ
300122673846,UHK2-9H97-1DDF
300722062013,UHK2-9H97-1DDF
300381306172,UHK2-9H97-1DDF
300865073361,8997-P7MN-NT2C
300304446442,KJHC-11A2-D36Q
300915262277,79HE-HP0A-BNEQ
300518915394,SHXE-AKW6-1BBV
300428396768,UHK2-9H97-1DDF
300733897516,UHK2-9H97-1DDF
300099928921,UHK2-9H97-1DDF
300130601947,KJHC-11A2-D36Q
300363372535,KJHC-11A2-D36Q
300887849771,SHXE-AKW6-1BBV
300253922141,UHK2-9H97-1DDF
300780947143,UHK2-9H97-1DDF
300260355835,UHK2-9H97-1DDF
300927547287,6NHH-6MKS-YKA2
300367360480,XYYC-2PKW-YGCV
300853412332,XYYC-2PKW-YGCV
300583079735,NAHC-KH0Y-JU6P
300723086122,3FRT-R6K7-YBAG
300654030528,YRUR-8Q1B-1S5F
300139411642,YRUR-8Q1B-1S5F
300372530395,Y781-96JU-1W5F
300583532986,JQHF-XQD5-596P
300822314429,WSXA-CKQE-NU6V
300432900067,WSXA-CKQE-NU6V
300603278290,38VB-J437-YP80
300342381048,MWHE-236R-WQ6P
300104372695,QNXA-0KWA-A415
300924366339,Y4XA-MKNY-HB1T
300048505836,TF0K-QKD5-1W5F
300901267479,2P2K-N74N-WY77
300722856496,G2HC-3J1M-QAEP
300224621617,K0TC-1737-Y2AJ
300227027339,2G4Q-674M-2P51
300996516975,YYXA-XKTE-E38U
300540135810,UAWH-3MF3-105F
300262526567,66HF-HP98-ER6P
300627877022,66HF-HP98-ER6P
300596921487,Q0XA-WKGA-3D30
300319128232,WSXA-CKQE-NU6V
300437064917,BW4H-HP37-Y0BE
300187321522,0QHC-A544-8C6P
300905263323,FJ7R-N4TY-195F
300676771984,A782-ENK5-YEEX
300898186373,SUXE-GKT2-B94C
300879586073,2AHF-U421-03EQ
300315139049,AV03-PP3H-16DF
300474264280,FJ7R-N4TY-195F
300582014676,0HCF-D74N-MW36
300990510221,SUXE-GKT2-B94C
300418216836,JJ3E-U435-Y3FJ
300805123057,UHXE-UKKK-0V19
300620861961,UHXE-UKKK-0V19
,0HCF-D74N-MW36
300803018238,HAHC-379P-4S6P
300891141007,JJ3E-U435-Y3FJ
300660799910,Y7XE-CKST-S8CW
300343416879,Y7CR-4HCF-1UDF
300122161163,Y7CR-4HCF-1UDF
300505256668,BHAD-D2K7-Y4CC
300108909785,BHAD-D2K7-Y4CC
300863946144,UVU8-E277-17DF
300586664895,0NPY-07MM-DP04
300319969853,YWW1-57DY-1CDF
300962647647,AP2F-X7MM-862X
300341311736,QNXA-GKWE-7RAP
300196139237,QNXA-GKWE-7RAP
300922831277,0NPY-07MM-DP04
300168491451,GGHF-THFH-F46Q
300022044768,JJ3E-U435-Y3FJ
300260749371,222G-DPK5-YQFM
300318212875,XEKH-Y6BD-155F
300036835626,XEKH-Y6BD-155F
300261163462,JP67-BGK5-Y88G
300863534282,5QHC-665U-DDEQ
300216499835,222G-DPK5-YQFM
300122568298,8N53-D7MN-B47T
300505663794,JJ5A-FH35-YED0
300716666702,JJ5A-FH35-YED0
300061184249,AVJQ-HK35-Y2CT
300807667423,AVJQ-HK35-Y2CT
300153406327,NTHD-7N1E-PSEQ
300899213667,T6WV-D535-Y5F8
300120975153,KPXE-DKV6-N757
300180531001,KPXE-DKV6-N757
300054868521,QEY2-BKJF-MYE5
300795118868,AV03-PP3H-16DF
300617836419,2Y88-D135-YF8J
300470275480,FKP3-Q0FU-1QDF
300013519170,F9H0-73MB-17DF
300712494167,2KK7-W7MN-0Q0Q
300636839154,AV03-PP3H-16DF
300389950221,A9XB-07MN-XT6D
300956327331,FKP3-Q0FU-1QDF
300414408622,FKP3-Q0FU-1QDF
300312051285,28HD-G08N-ST6Q
300013962352,A782-ENK5-YEEX
300620909920,E8WS-XPPS-10DF
300970846388,Q4YP-NKMT-9B7K
300753408370,FYHF-N2BA-9MES
300395579270,6NHH-6MKS-YKA2
300625920366,FYHF-N2BA-9MES
300673083404,K7EA-FQ37-Y8CM
300275771440,T5MJ-BQNH-1Q5F
300467145022,3FRT-R6K7-YBAG
300202151778,UQXA-YKK7-A5FE
300779430036,Q4YP-NKMT-9B7K
300867376044,WUD2-5P3F-29DF
300053957754,VYXH-55R9-24DF
300368095295,AJJB-J74M-NJ5Y
300090486369,KVHE-N253-RBEP
300861838175,UQXA-YKK7-A5FE
300455998856,UQXA-YKK7-A5FE
300299903500,0323-B0MM-GY4K
300154731004,DWHE-M70T-R9ES
300717279062,VYXH-55R9-24DF
300776507230,ARBU-X0MM-1T2U
300899433548,KVHE-N253-RBEP
300673188455,KJN2-X237-Y99J
300876850030,EUF3-1NGW-1F5F
300432899996,X7V9-5KGD-1G5F
300284996720,UPYP-NKR3-M61X
300019082643,C0HF-6M8V-586S
300486321108,C0HF-6M8V-586S
300813194841,WKXA-SKNU-N3C9
300558734386,F53A-E2PF-1K5F
300135138420,EUF3-1NGW-1F5F
300897329764,1CHF-CN9K-ANEP
300539465836,UPYP-NKR3-M61X
300442850466,XYYC-2PKW-YGCV
300582856850,UFS3-RJ4K-165F
300044586549,F53A-E2PF-1K5F
300860360983,0AQF-P74N-W94J
300155736460,1CHF-CN9K-ANEP
300834195610,HEXA-YKS3-0DFQ
300261897860,X3HC-HG7R-D1ES
300022853058,A8UJ-T06H-0J5F
300499247604,WEXT-NKJT-DV5U
300314186141,K8XT-1KMJ-M7E7
300795636852,FQPJ-3GMB-0SDF
300037985948,XJHD-D79S-EC9E
300965449101,7JPN-42KF-Y6FG
300810135832,8D5K-354M-H85V
300534461163,2F1U-R44N-Y34P
300300712657,2F1U-R44N-Y34P
300348207557,AMHK-U54M-190X
300053518296,01HF-J2F5-WYEJ
300881990356,8E4K-V64N-UY3D
300776107539,RXR0-THFN-0P5F
300590607336,01HF-J2F5-WYEJ
300249161747,GBHD-E20H-90EK
300233569056,A85Y-N44M-993B
300792493052,7M9E-2K3F-YEA2
300231530186,2NQF-304M-4E16
300277831696,RXR0-THFN-0P5F
300403778710,KTXJ-UKX7-WCB0
300099141063,AMHK-U54M-190X
300849167288,AMHK-U54M-190X
,KSBY-843Q-YHF4
300916299010,4MHD-JP3S-V1EH
300024958191,Q3XT-VKRU-Y99J
300409476317,2YVQ-G4MM-5A5P
300277280166,03YQ-D4MN-866J
300676326036,QNXA-GKWE-7RAP
300646474194,AMHK-U54M-190X
300094375191,ES1A-KH39-YNFT
300476662295,ES1A-KH39-YNFT
300358213960,2943-F5MN-X55G
300464039256,6DMG-B13D-Y6AP
300670437336,AB3B-24MM-FH08
300844613346,J5P8-FK4M-1765
300711271103,88JK-23K1-1QDF
300051130564,AMHK-U54M-190X
300812869636,QKXP-2KRA-WV5Q
300420283439,DMR8-5KNB-0UDF
300833518113,HEXA-YKS3-0DFQ
300198914645,HEXA-YKS3-0DFQ
300315105514,J5P8-FK4M-1765
300788357360,J5P8-FK4M-1765
300172302019,2NQF-304M-4E16
300803199788,GBHD-E20H-90EK
300342336723,VYXH-55R9-24DF
300789729814,DMR8-5KNB-0UDF
300933752440,HEXA-YKS3-0DFQ
300827367848,TKXG-274N-0U5F
300506857239,J5P8-FK4M-1765
300352304886,J5P8-FK4M-1765
300230604918,NYX6-QKHU-2JF2
300492684949,NYX6-QKHU-2JF2
300038214843,0063-B4MN-VD1P
300616149932,C2G1-J2YD-07DF
300385581924,2JPY-B6MM-5F7K
300795163914,K2YB-A3D7-YSC2
300181519648,J5P8-FK4M-1765
300149896459,XJHD-D79S-EC9E
300211312496,NYX6-QKHU-2JF2
300413230680,9R4S-32W7-1V5F
300144040130,D81B-4G8U-0WDF
300779813693,A2B7-14MN-393C
300554925799,88QB-A54N-EB0C
300938547739,XJHD-D79S-EC9E
300310600980,AMAM-A531-YKFX
300162632148,KJN2-X237-Y99J
300772307481,2J73-J6MN-8R30
300502204769,KWHD-S682-966H
300293864702,88QB-A54N-EB0C
300369476873,88QB-A54N-EB0C
300764703235,XJHD-D79S-EC9E
300244439605,XJHD-D79S-EC9E
300758876374,HQXX-4KKK-JU8Q
300189762804,6DMG-B13D-Y6AP
300744091514,QYHF-436A-76EH
300084359002,2PDU-S4MN-8017
300474774118,88QB-A54N-EB0C
300174699111,FQPJ-3GMB-0SDF
300022815258,XJHD-D79S-EC9E
300275216691,NWXJ-6KTT-P5C0
300334444869,NWXJ-6KTT-P5C0
300802689602,0NCU-R4MM-BP22
300061260143,PQHF-UNBV-3QEH
300060799059,A6CJ-Q21N-0ADF
300201133126,A6CJ-Q21N-0ADF
300099267107,XJHD-D79S-EC9E
300706146175,XJHD-D79S-EC9E
300033262706,9FJ3-NP8Q-40DF
300723681291,H7HD-9J16-1A6H
300225446411,T662-SM4M-YF5F
300912312607,E96S-3HKD-YUBX
300121153208,9GHD-GJ33-MH6T
300876483447,XJHD-D79S-EC9E
300113191302,XJHD-D79S-EC9E
,NWXJ-6KTT-P5C0
300009543330,NWXJ-6KTT-P5C0
300705411360,XJHD-D79S-EC9E
300927112791,XJHD-D79S-EC9E
300456107118,KJHC-11A2-D36Q
300957703284,AVAB-K64N-7U0T
300876811868,HKXT-MKP3-RMF6
300254435905,HKXT-MKP3-RMF6
300615299476,XJHD-D79S-EC9E
300337512666,2VXX-GNK1-YX90
300827660518,S2X6-0KM6-XF4C
300831645101,XJHD-D79S-EC9E
300451682223,XJHD-D79S-EC9E
300190786183,AVAB-K64N-7U0T
300048057052,E3AH-CMVS-0F5F
300883235024,AXDY-X6MN-QX4D
300402189243,8E4K-V64N-UY3D
300944898612,Q8HE-MK7F-N5EN
300277833216,WEXT-NKJT-DV5U
300353707738,7BHF-0GFX-B46K
300197289874,XJHD-D79S-EC9E
300004877964,H6XT-DKS7-EFAP
300300319773,3YS7-DJVQ-Y2BP
300448728804,F8UH-83HX-Y05F
300894787725,H6XT-DKS7-EFAP
300231123050,H6XT-DKS7-EFAP
300613764987,TDNM-6K4N-V90B
300408220694,XJHD-D79S-EC9E
300802567168,FQPJ-3GMB-0SDF
300312998083,2WMB-H54M-BT4G
300678553344,2WMB-H54M-BT4G
300637375846,UACP-13CQ-Y7DT
300769059481,KJN2-X237-Y99J
300990473870,KJN2-X237-Y99J
300353220019,9JT1-MGK3-07DF
300088103889,8TBA-P6CH-08DF
300432393737,2JUK-85MN-5K4N
300074564638,2JUK-85MN-5K4N
300976478431,AMHK-U54M-190X
300689477228,J9KG-3K4N-QK3G
300690092133,KJN2-X237-Y99J
300036326575,6DMG-B13D-Y6AP
300024733608,8F0B-84MN-DF7D
300982506788,HQXX-4KKK-JU8Q
300196776537,2AW3-Y44N-N404
300257133790,2943-F5MN-X55G
300901836426,QNXA-GKWE-7RAP
300134407327,QNXA-GKWE-7RAP
300344445490,R399-00Y5-0K5F
300701091876,R399-00Y5-0K5F
300029233945,HQXX-4KKK-JU8Q
300576667460,HQXX-4KKK-JU8Q
300899287893,XJHD-D79S-EC9E
300343937934,HQXX-4KKK-JU8Q
300221964838,QM2W-GK3B-YQ8P
300464371299,AD9Q-V44M-K47W
300155404675,9HDR-670Q-1KDF
300251496842,N6HF-C22U-FM6N
300649503549,XJHD-D79S-EC9E
300741827394,XJHD-D79S-EC9E
300066656686,HQXX-4KKK-JU8Q
300935459974,DWHC-WPAU-SF9E
300046981450,HQXX-4KKK-JU8Q
300442060717,WSX6-RKRE-987T
300778739093,0DUK-G6MN-DD16
300446851416,XJHD-D79S-EC9E
300936487268,XJHD-D79S-EC9E
300994281017,T662-SM4M-YF5F
300704384076,T662-SM4M-YF5F
300603231109,HQXX-4KKK-JU8Q
300187364440,RGSH-92H5-1FDF
300781355855,HDHD-FHDQ-9TEN
300877885589,9MVK-6HQ7-1BDF
300220606324,XJHD-D79S-EC9E
300968002525,V8HF-NMFR-4NEV
300372890013,HQXX-4KKK-JU8Q
300661829128,WEXT-NKJT-DV5U
300922201920,H7X6-4KGK-GY7K
300402823068,8RW8-S37H-0B5F
300434784889,2AW3-Y44N-N404
,XJHD-D79S-EC9E
,XJHD-D79S-EC9E
300627526056,QAXP-UKKA-PM7J
300763939921,T662-SM4M-YF5F
300843017354,945J-9PAQ-1XDF
300681460851,AXDY-X6MN-QX4D
300494698553,50HD-6G9T-J8EN
300450653499,50HD-6G9T-J8EN
300113598112,XJHD-D79S-EC9E
300892644499,XJHD-D79S-EC9E
300049639969,KXX6-GKJ6-GU86
300802909449,VGD1-CHXD-1JDF
300236138679,AXDY-X6MN-QX4D
300030932774,WEXT-NKJT-DV5U
300021261892,KWXT-NKJJ-6F21
300808441581,XJHD-D79S-EC9E
300621285074,XJHD-D79S-EC9E
300930628157,VGD1-CHXD-1JDF
300970977350,T662-SM4M-YF5F
300253190722,88QB-A54N-EB0C
300225096490,KWXT-NKJJ-6F21
300945891076,KWXT-NKJJ-6F21
300059758108,E3AH-CMVS-0F5F
300544970271,E3AH-CMVS-0F5F
300112168811,TDNM-6K4N-V90B
300717696302,J5P8-FK4M-1765
300550439087,WEXT-NKJT-DV5U
300137503406,WEXT-NKJT-DV5U
300005288196,KWXT-NKJJ-6F21
300784375535,UHXE-UKKK-0V19
300106666198,XJHD-D79S-EC9E
300390943988,XJHD-D79S-EC9E
300555222723,HQXX-4KKK-JU8Q
300856162001,WEXT-NKJT-DV5U
300498332901,XJHD-D79S-EC9E
300739651992,UHXE-UKKK-0V19
300664446632,H6XT-DKS7-EFAP
300892867834,XJHD-D79S-EC9E
300316296640,3YS7-DJVQ-Y2BP
300043783648,4UHE-Y5AR-2X6M
300817696965,15HC-U202-0BEM
300832387307,XJHD-D79S-EC9E
300475234042,XJHD-D79S-EC9E
300661312080,2MRF-H54M-N232
300038687713,3YS7-DJVQ-Y2BP
300622019564,3YS7-DJVQ-Y2BP
300024445147,NKX6-EKXU-9VD7
300361164486,W0NB-M14B-11DF
300900424125,8E4K-V64N-UY3D
300534462210,XJHD-D79S-EC9E
300643276540,Q8HE-MK7F-N5EN
300365995291,JKST-B431-YNEM
300356739590,3YS7-DJVQ-Y2BP
300123154920,3YS7-DJVQ-Y2BP
300850800330,06K7-U6MM-SG62
300462488465,H6XT-DKS7-EFAP
300729244641,XJHD-D79S-EC9E
300498739711,XJHD-D79S-EC9E
300211312429,YBX6-9KUY-CE4W
300291020591,YBX6-9KUY-CE4W
300587197910,JGVG-DJMN-PB6H
300620938731,8QHF-86B0-HH1C
300137506229,JHEC-7J4M-KA50
300088865996,K2R4-THVK-YD8M
300229726012,X2V1-B1KV-XK5F
300807026961,Y002-NKQT-GH9E
300428926936,WYHE-Q23F-EB9Y
300062515552,W216-QKWX-WMDX
300715265863,F327-T5CY-YVEC
300952316773,RX14-1H4N-907Y
300394588910,X3HC-722C-SM9C
300422499452,TJ2V-DK4M-Y25U
300625440880,C2HD-X65C-QD1E
300957263678,T54V-RH4M-N87C
300987535741,JB4X-W1CH-Y1EJ
300267363336,STHF-SP4K-8S9E
300659686238,AQHC-HQBG-WW1E
300692511344,TKGC-4JMM-RW3U
300608996461,WH1A-9KJX-UF0T
300643174053,J9KG-3K4N-QK3G
300757358491,YP16-8KJF-S3CV
300752009769,AQHC-HQBG-WW1E
300069396039,UVHJ-XNW6-Y65F
300565983100,XRHF-R189-HY1D
300897182772,T54V-RH4M-N87C
300974400591,THYG-9HMM-HJ1U
300248706998,CQHE-F51D-9U1D
300106094946,P23M-R6CW-Y9AM
300944410454,HG1X-9KT3-YE8P
300380861863,TERR-NJMN-C72Y
300947193310,222G-DPK5-YQFM
300531805443,TK5R-8G4N-B11V
300305656503,89HE-8HA1-1Y9D
300752183302,HC1J-JKKP-HQ17
300376508484,TK5R-8G4N-B11V
300966996952,JS8F-60VH-YNC2
300193020570,T0Y1-4NCH-YD8T
300978663631,J84V-KK4N-4W3J
300099386233,8XNU-86R4-XE5F
300638465634,J37C-9JMM-AF1M
300614854775,CT6R-T58V-Y9DF
300333149848,JYB4-YJMM-MY46
300812717267,N316-WKXX-8R3Q
300194265246,EW8U-SH1C-YP5F
300670950011,EW8U-SH1C-YP5F
300169573554,FQHC-9NDX-7C1D
300043227371,7VJT-G3VY-YSCJ
300379906074,T0QM-BH4N-JM3V
300775457109,UK1A-8KXQ-GN9C
300417668645,UK1A-8KXQ-GN9C
300226854415,UJ1E-JKT7-ANAW
300639077566,VY3U-JPAR-YBDF
300871479515,JYH9-44CH-YB92
300564225748,Q316-HKKF-4D2N
300210139065,94HF-Q16K-Y11A
300635268799,EW8U-SH1C-YP5F
300731688321,EW8U-SH1C-YP5F
300307210130,J9F8-TH4N-9F7G
300534921939,AEUS-R48M-YE5F
300595625274,UJ1E-JKT7-ANAW
300317377450,B8VS-6Q46-XU5F
300062565872,THKG-7H4N-887A
300841612252,N81T-JKHX-1H5J
300797403676,SMHF-8NFQ-QD9A
300436671381,EW8U-SH1C-YP5F
300544196495,EW8U-SH1C-YP5F
300773864693,9HHF-WN06-HG9E
300846495380,V2C2-YGHC-YF5F
300677667327,UGSU-8062-XG5F
300503528466,Q61T-MKPE-WR4G
300987191569,Y0HE-A17B-E49A
300356294899,AFJS-K100-X55F
300620320668,EW8U-SH1C-YP5F
300266628520,EW8U-SH1C-YP5F
300888388051,EHHC-860R-7P1B
300203550019,U7NG-V0VQ-YEET
300797869425,U7NG-V0VQ-YEET
300053407406,R4V0-DJ4M-956W
300705814312,94HF-Q16K-Y11A
300252865832,WC1T-9KMY-TR6E
300539818232,THYG-9HMM-HJ1U
300882728378,EW8U-SH1C-YP5F
300098915274,EW8U-SH1C-YP5F
300579818944,8XNU-86R4-XE5F
300447500238,8XNU-86R4-XE5F
300897545911,GHP4-CHMN-0Y3K
300370639034,GHP4-CHMN-0Y3K
300225621584,U7NG-V0VQ-YEET
300075605758,JXA4-WHMN-F34H
300245983981,JXA4-WHMN-F34H
300799915508,9HHF-WN06-HG9E
300959589367,TV54-2QVN-YWA8
300993393199,872T-7G7G-YP5F
300844917242,U7NG-V0VQ-YEET
300730682706,8XNU-86R4-XE5F
300437200997,8XNU-86R4-XE5F
300330298367,8XNU-86R4-XE5F
300786093174,JXA4-WHMN-F34H
300861705347,JXA4-WHMN-F34H
300739328522,GSP8-WJ4N-TG5H
300805942326,ETHC-UK6S-GW9C
300716229662,QP12-QKMA-AHCG
300373365280,8XNU-86R4-XE5F
300769942549,R8ET-6QA0-X85F
300130631467,R8ET-6QA0-X85F
300091145362,JXA4-WHMN-F34H
300444248706,JXA4-WHMN-F34H
300997371593,86HD-221N-AH1C
300350090921,86HD-221N-AH1C
300677841714,HC1J-JKKP-HQ17
300552049413,RJ0R-DJ4M-KQ5F
300932130887,W5DT-14EX-YVDF
300063950501,JXA4-WHMN-F34H
300786500302,VMTJ-UJ29-1S5F
300122876593,VMTJ-UJ29-1S5F
300582828893,6VJU-DQKW-YAE0
300719926502,DJ90-CHKA-YS5F
300678576204,R9Y3-P5BG-XW5F
300226491063,TX24-EQ4M-1X2F
300441119058,WH1A-9KJX-UF0T
300855782367,VMTJ-UJ29-1S5F
300555134893,9HHF-WN06-HG9E
300499606805,8XNU-86R4-XE5F
300346104517,U7NG-V0VQ-YEET
300679425927,TS4C-TKMN-F11A
300548740584,STHF-SP4K-8S9E
300262215157,RS8G-RG4M-R81D
300653245615,U7NG-V0VQ-YEET
300140503275,U7NG-V0VQ-YEET
300047863854,R9Y3-P5BG-XW5F
300844742394,JTHC-5KMN-WK0H
300673675209,JTHC-5KMN-WK0H
300817704460,F8UH-83HX-Y05F
300850140078,TN84-9KMN-SN5V
300024732405,U7NG-V0VQ-YEET
