300781907308,W32A-XPFX-8FFF
300781907309,W32A-XPFX-8FFF
300781907310,W32A-XPFX-8FFF
300781907311,W32A-XPFX-8FFF
300781907312,W32A-XPFX-8FFF
300781907313,W32A-XPFX-8FFF
300781907314,W32A-XPFX-8FFF
300781907315,W32A-XPFX-8FFF
300781907316,W32A-XPFX-8FFF
300781907317,W32A-XPFX-8FFF
300781907318,W32A-XPFX-8FFF
300781907319,W32A-XPFX-8FFF
300781907320,W32A-XPFX-8FFF
300781907321,W32A-XPFX-8FFF
300781907322,W32A-XPFX-8FFF
300781907323,W32A-XPFX-8FFF
300781907324,W32A-XPFX-8FFF
300781907325,W32A-XPFX-8FFF
300781907326,W32A-XPFX-8FFF
300781907327,W32A-XPFX-8FFF
300781907328,W32A-XPFX-8FFF
300781907329,W32A-XPFX-8FFF
300781907330,W32A-XPFX-8FFF
300781907331,W32A-XPFX-8FFF
300781907332,W32A-XPFX-8FFF
300781907333,W32A-XPFX-8FFF
300781907334,W32A-XPFX-8FFF
300781907335,W32A-XPFX-8FFF
300781907336,W32A-XPFX-8FFF
300781907337,W32A-XPFX-8FFF
300781907338,W32A-XPFX-8FFF
300781907339,W32A-XPFX-8FFF
300781907340,W32A-XPFX-8FFF
300781907341,W32A-XPFX-8FFF
300781907342,W32A-XPFX-8FFF
300781907343,W32A-XPFX-8FFF
300781907344,W32A-XPFX-8FFF
300781907345,W32A-XPFX-8FFF
300781907346,W32A-XPFX-8FFF
300781907347,W32A-XPFX-8FFF
300781907348,W32A-XPFX-8FFF
300781907349,W32A-XPFX-8FFF
300781907350,W32A-XPFX-8FFF
300781907351,W32A-XPFX-8FFF
300781907352,W32A-XPFX-8FFF
300781907353,W32A-XPFX-8FFF
300781907354,W32A-XPFX-8FFF
300781907355,W32A-XPFX-8FFF
300781907356,W32A-XPFX-8FFF
300781907357,W32A-XPFX-8FFF
300781907358,W32A-XPFX-8FFF
300781907359,W32A-XPFX-8FFF
300781907360,W32A-XPFX-8FFF
300781907361,W32A-XPFX-8FFF
300781907362,W32A-XPFX-8FFF
300781907363,W32A-XPFX-8FFF
300781907364,W32A-XPFX-8FFF
300781907365,W32A-XPFX-8FFF
300781907366,W32A-XPFX-8FFF
300781907367,W32A-XPFX-8FFF
300781907368,W32A-XPFX-8FFF
300781907369,W32A-XPFX-8FFF
300781907370,W32A-XPFX-8FFF
300781907371,W32A-XPFX-8FFF
300781907372,W32A-XPFX-8FFF
300781907373,W32A-XPFX-8FFF
300781907374,W32A-XPFX-8FFF
300781907375,W32A-XPFX-8FFF
300781907376,W32A-XPFX-8FFF
300781907377,W32A-XPFX-8FFF
300781907378,W32A-XPFX-8FFF
300781907379,W32A-XPFX-8FFF
300781907380,W32A-XPFX-8FFF
300781907381,W32A-XPFX-8FFF
300781907382,W32A-XPFX-8FFF
300781907383,W32A-XPFX-8FFF
300781907384,W32A-XPFX-8FFF
300781907385,W32A-XPFX-8FFF
300781907386,W32A-XPFX-8FFF
300781907387,W32A-XPFX-8FFF
300781907388,W32A-XPFX-8FFF
300781907389,W32A-XPFX-8FFF
300781907390,W32A-XPFX-8FFF
300781907391,W32A-XPFX-8FFF
300781907392,W32A-XPFX-8FFF
300781907393,W32A-XPFX-8FFF
300781907394,W32A-XPFX-8FFF
300781907395,W32A-XPFX-8FFF
300781907396,W32A-XPFX-8FFF
300781907397,W32A-XPFX-8FFF
300781907398,W32A-XPFX-8FFF
300781907399,W32A-XPFX-8FFF
300781907400,W32A-XPFX-8FFF
300781907401,W32A-XPFX-8FFF
300781907402,W32A-XPFX-8FFF
300781907403,W32A-XPFX-8FFF
300781907404,W32A-XPFX-8FFF
300781907405,W32A-XPFX-8FFF
300781907406,W32A-XPFX-8FFF
300781907407,W32A-XPFX-8FFF
300781907408,W32A-XPFX-8FFF
300781907409,W32A-XPFX-8FFF
300781907410,W32A-XPFX-8FFF
300781907411,W32A-XPFX-8FFF
300781907412,W32A-XPFX-8FFF
300781907413,W32A-XPFX-8FFF
300781907414,W32A-XPFX-8FFF
300781907415,W32A-XPFX-8FFF
300781907416,W32A-XPFX-8FFF
300781907417,W32A-XPFX-8FFF
300781907418,W32A-XPFX-8FFF
300781907419,W32A-XPFX-8FFF
300781907420,W32A-XPFX-8FFF
300781907421,W32A-XPFX-8FFF
300781907422,W32A-XPFX-8FFF
300781907423,W32A-XPFX-8FFF
300781907424,W32A-XPFX-8FFF
300781907425,W32A-XPFX-8FFF
300781907426,W32A-XPFX-8FFF
300781907427,W32A-XPFX-8FFF
300781907428,W32A-XPFX-8FFF
300781907429,W32A-XPFX-8FFF
300781907430,W32A-XPFX-8FFF
300781907431,W32A-XPFX-8FFF
300781907432,W32A-XPFX-8FFF
300781907433,W32A-XPFX-8FFF
300781907434,W32A-XPFX-8FFF
300781907435,W32A-XPFX-8FFF
300781907436,W32A-XPFX-8FFF
300781907437,W32A-XPFX-8FFF
300781907438,W32A-XPFX-8FFF
300781907439,W32A-XPFX-8FFF
300781907440,W32A-XPFX-8FFF
300781907441,W32A-XPFX-8FFF
300781907442,W32A-XPFX-8FFF
300781907443,W32A-XPFX-8FFF
300781907444,W32A-XPFX-8FFF
300781907445,W32A-XPFX-8FFF
300781907446,W32A-XPFX-8FFF
300781907447,W32A-XPFX-8FFF
300781907448,W32A-XPFX-8FFF
300781907449,W32A-XPFX-8FFF
300781907450,W32A-XPFX-8FFF
300781907451,W32A-XPFX-8FFF
300781907452,W32A-XPFX-8FFF
300781907453,W32A-XPFX-8FFF
300781907454,W32A-XPFX-8FFF
300781907455,W32A-XPFX-8FFF
300781907456,W32A-XPFX-8FFF
300781907457,W32A-XPFX-8FFF
300781907458,W32A-XPFX-8FFF
300781907459,W32A-XPFX-8FFF
300781907460,W32A-XPFX-8FFF
300781907461,W32A-XPFX-8FFF
300781907462,W32A-XPFX-8FFF
300781907463,W32A-XPFX-8FFF
300781907464,W32A-XPFX-8FFF
300781907465,W32A-XPFX-8FFF
300781907466,W32A-XPFX-8FFF
300781907467,W32A-XPFX-8FFF
300781907468,W32A-XPFX-8FFF
300781907469,W32A-XPFX-8FFF
300781907470,W32A-XPFX-8FFF
300781907471,W32A-XPFX-8FFF
300781907472,W32A-XPFX-8FFF
300781907473,W32A-XPFX-8FFF
300781907474,W32A-XPFX-8FFF
300781907475,W32A-XPFX-8FFF
300781907476,W32A-XPFX-8FFF
300781907477,W32A-XPFX-8FFF
300781907478,W32A-XPFX-8FFF
300781907479,W32A-XPFX-8FFF
300781907480,W32A-XPFX-8FFF
300781907481,W32A-XPFX-8FFF
300781907482,W32A-XPFX-8FFF
300781907483,W32A-XPFX-8FFF
300781907484,W32A-XPFX-8FFF
300781907485,W32A-XPFX-8FFF
300781907486,W32A-XPFX-8FFF
300781907487,W32A-XPFX-8FFF
300781907488,W32A-XPFX-8FFF
300781907489,W32A-XPFX-8FFF
300781907490,W32A-XPFX-8FFF
300781907491,W32A-XPFX-8FFF
300781907492,W32A-XPFX-8FFF
300781907493,W32A-XPFX-8FFF
300781907494,W32A-XPFX-8FFF
300781907495,W32A-XPFX-8FFF
300781907496,W32A-XPFX-8FFF
300781907497,W32A-XPFX-8FFF
300781907498,W32A-XPFX-8FFF
300781907499,W32A-XPFX-8FFF
300781907500,W32A-XPFX-8FFF
300781907501,W32A-XPFX-8FFF
300781907502,W32A-XPFX-8FFF
300781907503,W32A-XPFX-8FFF
300781907504,W32A-XPFX-8FFF
300781907505,W32A-XPFX-8FFF
300781907506,W32A-XPFX-8FFF
300781907507,W32A-XPFX-8FFF
300781907508,W32A-XPFX-8FFF
300781907509,W32A-XPFX-8FFF
300781907510,W32A-XPFX-8FFF
300781907511,W32A-XPFX-8FFF
300781907512,W32A-XPFX-8FFF
300781907513,W32A-XPFX-8FFF
300781907514,W32A-XPFX-8FFF
300781907515,W32A-XPFX-8FFF
300781907516,W32A-XPFX-8FFF
300781907517,W32A-XPFX-8FFF
300781907518,W32A-XPFX-8FFF
300781907519,W32A-XPFX-8FFF
300781907520,W32A-XPFX-8FFF
300781907521,W32A-XPFX-8FFF
300781907522,W32A-XPFX-8FFF
300781907523,W32A-XPFX-8FFF
300781907524,W32A-XPFX-8FFF
300781907525,W32A-XPFX-8FFF
300781907526,W32A-XPFX-8FFF
300781907527,W32A-XPFX-8FFF
300781907528,W32A-XPFX-8FFF
300781907529,W32A-XPFX-8FFF
300781907530,W32A-XPFX-8FFF
300781907531,W32A-XPFX-8FFF
300781907532,W32A-XPFX-8FFF
300781907533,W32A-XPFX-8FFF
300781907534,W32A-XPFX-8FFF
300781907535,W32A-XPFX-8FFF
300781907536,W32A-XPFX-8FFF
300781907537,W32A-XPFX-8FFF
300781907538,W32A-XPFX-8FFF
300781907539,W32A-XPFX-8FFF
300781907540,W32A-XPFX-8FFF
300781907541,W32A-XPFX-8FFF
300781907542,W32A-XPFX-8FFF
300781907543,W32A-XPFX-8FFF
300781907544,W32A-XPFX-8FFF
300781907545,W32A-XPFX-8FFF
300781907546,W32A-XPFX-8FFF
300781907547,W32A-XPFX-8FFF
300781907548,W32A-XPFX-8FFF
300781907549,W32A-XPFX-8FFF
300781907550,W32A-XPFX-8FFF
300781907551,W32A-XPFX-8FFF
300781907552,W32A-XPFX-8FFF
300781907553,W32A-XPFX-8FFF
300781907554,W32A-XPFX-8FFF
300781907555,W32A-XPFX-8FFF
300781907556,W32A-XPFX-8FFF
300781907557,W32A-XPFX-8FFF
300781907558,W32A-XPFX-8FFF
300781907559,W32A-XPFX-8FFF
300781907560,W32A-XPFX-8FFF
300781907561,W32A-XPFX-8FFF
300781907562,W32A-XPFX-8FFF
300781907563,W32A-XPFX-8FFF
300781907564,W32A-XPFX-8FFF
300781907565,W32A-XPFX-8FFF
300781907566,W32A-XPFX-8FFF
300781907567,W32A-XPFX-8FFF
300781907568,W32A-XPFX-8FFF
300781907569,W32A-XPFX-8FFF
300781907570,W32A-XPFX-8FFF
300781907571,W32A-XPFX-8FFF
300781907572,W32A-XPFX-8FFF
300781907573,W32A-XPFX-8FFF
300781907574,W32A-XPFX-8FFF
300781907575,W32A-XPFX-8FFF
300781907576,W32A-XPFX-8FFF
300781907577,W32A-XPFX-8FFF
300781907578,W32A-XPFX-8FFF
300781907579,W32A-XPFX-8FFF
300781907580,W32A-XPFX-8FFF
300781907581,W32A-XPFX-8FFF
300781907582,W32A-XPFX-8FFF
300781907583,W32A-XPFX-8FFF
300781907584,W32A-XPFX-8FFF
300781907585,W32A-XPFX-8FFF
300781907586,W32A-XPFX-8FFF
300781907587,W32A-XPFX-8FFF
300781907588,W32A-XPFX-8FFF
300781907589,W32A-XPFX-8FFF
300781907590,W32A-XPFX-8FFF
300781907591,W32A-XPFX-8FFF
300781907592,W32A-XPFX-8FFF
300781907593,W32A-XPFX-8FFF
300781907594,W32A-XPFX-8FFF
300781907595,W32A-XPFX-8FFF
300781907596,W32A-XPFX-8FFF
300781907597,W32A-XPFX-8FFF
300781907598,W32A-XPFX-8FFF
300781907599,W32A-XPFX-8FFF
300781907600,W32A-XPFX-8FFF
300781907601,W32A-XPFX-8FFF
300781907602,W32A-XPFX-8FFF
300781907603,W32A-XPFX-8FFF
300781907604,W32A-XPFX-8FFF
300781907605,W32A-XPFX-8FFF
300781907606,W32A-XPFX-8FFF
300781907607,W32A-XPFX-8FFF
300781907608,W32A-XPFX-8FFF
300781907609,W32A-XPFX-8FFF
300781907610,W32A-XPFX-8FFF
300781907611,W32A-XPFX-8FFF
300781907612,W32A-XPFX-8FFF
300781907613,W32A-XPFX-8FFF
300781907614,W32A-XPFX-8FFF
300781907615,W32A-XPFX-8FFF
300781907616,W32A-XPFX-8FFF
300781907617,W32A-XPFX-8FFF
300781907618,W32A-XPFX-8FFF
300781907619,W32A-XPFX-8FFF
300781907620,W32A-XPFX-8FFF
300781907621,W32A-XPFX-8FFF
300781907622,W32A-XPFX-8FFF
300781907623,W32A-XPFX-8FFF
300781907624,W32A-XPFX-8FFF
300781907625,W32A-XPFX-8FFF
300781907626,W32A-XPFX-8FFF
300781907627,W32A-XPFX-8FFF
300781907628,W32A-XPFX-8FFF
300781907629,W32A-XPFX-8FFF
300781907630,W32A-XPFX-8FFF
300781907631,W32A-XPFX-8FFF
300781907632,W32A-XPFX-8FFF
300781907633,W32A-XPFX-8FFF
300781907634,W32A-XPFX-8FFF
300781907635,W32A-XPFX-8FFF
300781907636,W32A-XPFX-8FFF
300781907637,W32A-XPFX-8FFF
300781907638,W32A-XPFX-8FFF
300781907639,W32A-XPFX-8FFF
300781907640,W32A-XPFX-8FFF
300781907641,W32A-XPFX-8FFF
300781907642,W32A-XPFX-8FFF
300781907643,W32A-XPFX-8FFF
300781907644,W32A-XPFX-8FFF
300781907645,W32A-XPFX-8FFF
300781907646,W32A-XPFX-8FFF
300781907647,W32A-XPFX-8FFF
300781907648,W32A-XPFX-8FFF
300781907649,W32A-XPFX-8FFF
300781907650,W32A-XPFX-8FFF
300781907651,W32A-XPFX-8FFF
300781907652,W32A-XPFX-8FFF
300781907653,W32A-XPFX-8FFF
300781907654,W32A-XPFX-8FFF
300781907655,W32A-XPFX-8FFF
300781907656,W32A-XPFX-8FFF
300781907657,W32A-XPFX-8FFF
300781907658,W32A-XPFX-8FFF
300781907659,W32A-XPFX-8FFF
300781907660,W32A-XPFX-8FFF
300781907661,W32A-XPFX-8FFF
300781907662,W32A-XPFX-8FFF
300781907663,W32A-XPFX-8FFF
300781907664,W32A-XPFX-8FFF
300781907665,W32A-XPFX-8FFF
300781907666,W32A-XPFX-8FFF
300781907667,W32A-XPFX-8FFF
300781907668,W32A-XPFX-8FFF
300781907669,W32A-XPFX-8FFF
300781907670,W32A-XPFX-8FFF
300781907671,W32A-XPFX-8FFF
300781907672,W32A-XPFX-8FFF
300781907673,W32A-XPFX-8FFF
300781907674,W32A-XPFX-8FFF
300781907675,W32A-XPFX-8FFF
300781907676,W32A-XPFX-8FFF
300781907677,W32A-XPFX-8FFF
300781907678,W32A-XPFX-8FFF
300781907679,W32A-XPFX-8FFF
300781907680,W32A-XPFX-8FFF
300781907681,W32A-XPFX-8FFF
300781907682,W32A-XPFX-8FFF
300781907683,W32A-XPFX-8FFF
300781907684,W32A-XPFX-8FFF
300781907685,W32A-XPFX-8FFF
300781907686,W32A-XPFX-8FFF
300781907687,W32A-XPFX-8FFF
300781907688,W32A-XPFX-8FFF
300781907689,W32A-XPFX-8FFF
300781907690,W32A-XPFX-8FFF
300781907691,W32A-XPFX-8FFF
300781907692,W32A-XPFX-8FFF
300781907693,W32A-XPFX-8FFF
300781907694,W32A-XPFX-8FFF
300781907695,W32A-XPFX-8FFF
300781907696,W32A-XPFX-8FFF
300781907697,W32A-XPFX-8FFF
300781907698,W32A-XPFX-8FFF
300781907699,W32A-XPFX-8FFF
300781907700,W32A-XPFX-8FFF
300781907701,W32A-XPFX-8FFF
300781907702,W32A-XPFX-8FFF
300781907703,W32A-XPFX-8FFF
300781907704,W32A-XPFX-8FFF
300781907705,W32A-XPFX-8FFF
300781907706,W32A-XPFX-8FFF
300781907707,W32A-XPFX-8FFF
300781907708,W32A-XPFX-8FFF
300781907709,W32A-XPFX-8FFF
300781907710,W32A-XPFX-8FFF
300781907711,W32A-XPFX-8FFF
300781907712,W32A-XPFX-8FFF
300781907713,W32A-XPFX-8FFF
300781907714,W32A-XPFX-8FFF
300781907715,W32A-XPFX-8FFF
300781907716,W32A-XPFX-8FFF
300781907717,W32A-XPFX-8FFF
300781907718,W32A-XPFX-8FFF
300781907719,W32A-XPFX-8FFF
300781907720,W32A-XPFX-8FFF
300781907721,W32A-XPFX-8FFF
300781907722,W32A-XPFX-8FFF
300781907723,W32A-XPFX-8FFF
300781907724,W32A-XPFX-8FFF
300781907725,W32A-XPFX-8FFF
300781907726,W32A-XPFX-8FFF
300781907727,W32A-XPFX-8FFF
300781907728,W32A-XPFX-8FFF
300781907729,W32A-XPFX-8FFF
300781907730,W32A-XPFX-8FFF
300781907731,W32A-XPFX-8FFF
300781907732,W32A-XPFX-8FFF
300781907733,W32A-XPFX-8FFF
300781907734,W32A-XPFX-8FFF
300781907735,W32A-XPFX-8FFF
300781907736,W32A-XPFX-8FFF
300781907737,W32A-XPFX-8FFF
300781907738,W32A-XPFX-8FFF
300781907739,W32A-XPFX-8FFF
300781907740,W32A-XPFX-8FFF
300781907741,W32A-XPFX-8FFF
300781907742,W32A-XPFX-8FFF
300781907743,W32A-XPFX-8FFF
300781907744,W32A-XPFX-8FFF
300781907745,W32A-XPFX-8FFF
300781907746,W32A-XPFX-8FFF
300781907747,W32A-XPFX-8FFF
300781907748,W32A-XPFX-8FFF
300781907749,W32A-XPFX-8FFF
300781907750,W32A-XPFX-8FFF
300781907751,W32A-XPFX-8FFF
300781907752,W32A-XPFX-8FFF
300781907753,W32A-XPFX-8FFF
300781907754,W32A-XPFX-8FFF
300781907755,W32A-XPFX-8FFF
300781907756,W32A-XPFX-8FFF
300781907757,W32A-XPFX-8FFF
300781907758,W32A-XPFX-8FFF
300781907759,W32A-XPFX-8FFF
300781907760,W32A-XPFX-8FFF
300781907761,W32A-XPFX-8FFF
300781907762,W32A-XPFX-8FFF
300781907763,W32A-XPFX-8FFF
300781907764,W32A-XPFX-8FFF
300781907765,W32A-XPFX-8FFF
300781907766,W32A-XPFX-8FFF
300781907767,W32A-XPFX-8FFF
300781907768,W32A-XPFX-8FFF
300781907769,W32A-XPFX-8FFF
300781907770,W32A-XPFX-8FFF
300781907771,W32A-XPFX-8FFF
300781907772,W32A-XPFX-8FFF
300781907773,W32A-XPFX-8FFF
300781907774,W32A-XPFX-8FFF
300781907775,W32A-XPFX-8FFF
300781907776,W32A-XPFX-8FFF
300781907777,W32A-XPFX-8FFF
300781907778,W32A-XPFX-8FFF
300781907779,W32A-XPFX-8FFF
300781907780,W32A-XPFX-8FFF
300781907781,W32A-XPFX-8FFF
300781907782,W32A-XPFX-8FFF
300781907783,W32A-XPFX-8FFF
300781907784,W32A-XPFX-8FFF
300781907785,W32A-XPFX-8FFF
300781907786,W32A-XPFX-8FFF
300781907787,W32A-XPFX-8FFF
300781907788,W32A-XPFX-8FFF
300781907789,W32A-XPFX-8FFF
300781907790,W32A-XPFX-8FFF
300781907791,W32A-XPFX-8FFF
300781907792,W32A-XPFX-8FFF
300781907793,W32A-XPFX-8FFF
300781907794,W32A-XPFX-8FFF
300781907795,W32A-XPFX-8FFF
300781907796,W32A-XPFX-8FFF
300781907797,W32A-XPFX-8FFF
300781907798,W32A-XPFX-8FFF
300781907799,W32A-XPFX-8FFF
300781907800,W32A-XPFX-8FFF
300781907801,W32A-XPFX-8FFF
300781907802,W32A-XPFX-8FFF
300781907803,W32A-XPFX-8FFF
300781907804,W32A-XPFX-8FFF
300781907805,W32A-XPFX-8FFF
300781907806,W32A-XPFX-8FFF
300781907807,W32A-XPFX-8FFF
300781907808,W32A-XPFX-8FFF
300781907809,W32A-XPFX-8FFF
300781907810,W32A-XPFX-8FFF
300781907811,W32A-XPFX-8FFF
300781907812,W32A-XPFX-8FFF
300781907813,W32A-XPFX-8FFF
300781907814,W32A-XPFX-8FFF
300781907815,W32A-XPFX-8FFF
300781907816,W32A-XPFX-8FFF
300781907817,W32A-XPFX-8FFF
300781907818,W32A-XPFX-8FFF
300781907819,W32A-XPFX-8FFF
300781907820,W32A-XPFX-8FFF
300781907821,W32A-XPFX-8FFF
300781907822,W32A-XPFX-8FFF
300781907823,W32A-XPFX-8FFF
300781907824,W32A-XPFX-8FFF
300781907825,W32A-XPFX-8FFF
300781907826,W32A-XPFX-8FFF
300781907827,W32A-XPFX-8FFF
300781907828,W32A-XPFX-8FFF
300781907829,W32A-XPFX-8FFF
300781907830,W32A-XPFX-8FFF
300781907831,W32A-XPFX-8FFF
300781907832,W32A-XPFX-8FFF
300781907833,W32A-XPFX-8FFF
300781907834,W32A-XPFX-8FFF
300781907835,W32A-XPFX-8FFF
300781907836,W32A-XPFX-8FFF
300781907837,W32A-XPFX-8FFF
300781907838,W32A-XPFX-8FFF
300781907839,W32A-XPFX-8FFF
300781907840,W32A-XPFX-8FFF
300781907841,W32A-XPFX-8FFF
300781907842,W32A-XPFX-8FFF
300781907843,W32A-XPFX-8FFF
300781907844,W32A-XPFX-8FFF
300781907845,W32A-XPFX-8FFF
300781907846,W32A-XPFX-8FFF
300781907847,W32A-XPFX-8FFF
300781907848,W32A-XPFX-8FFF
300781907849,W32A-XPFX-8FFF
300781907850,W32A-XPFX-8FFF
300781907851,W32A-XPFX-8FFF
300781907852,W32A-XPFX-8FFF
300781907853,W32A-XPFX-8FFF
300781907854,W32A-XPFX-8FFF
300781907855,W32A-XPFX-8FFF
300781907856,W32A-XPFX-8FFF
300781907857,W32A-XPFX-8FFF
300781907858,W32A-XPFX-8FFF
300781907859,W32A-XPFX-8FFF
300781907860,W32A-XPFX-8FFF
300781907861,W32A-XPFX-8FFF
300781907862,W32A-XPFX-8FFF
300781907863,W32A-XPFX-8FFF
300781907864,W32A-XPFX-8FFF
300781907865,W32A-XPFX-8FFF
300781907866,W32A-XPFX-8FFF
300781907867,W32A-XPFX-8FFF
300781907868,W32A-XPFX-8FFF
300781907869,W32A-XPFX-8FFF
300781907870,W32A-XPFX-8FFF
300781907871,W32A-XPFX-8FFF
300781907872,W32A-XPFX-8FFF
300781907873,W32A-XPFX-8FFF
300781907874,W32A-XPFX-8FFF
300781907875,W32A-XPFX-8FFF
300781907876,W32A-XPFX-8FFF
300781907877,W32A-XPFX-8FFF
300781907878,W32A-XPFX-8FFF
300781907879,W32A-XPFX-8FFF
300781907880,W32A-XPFX-8FFF
300781907881,W32A-XPFX-8FFF
300781907882,W32A-XPFX-8FFF
300781907883,W32A-XPFX-8FFF
300781907884,W32A-XPFX-8FFF
300781907885,W32A-XPFX-8FFF
300781907886,W32A-XPFX-8FFF
300781907887,W32A-XPFX-8FFF
300781907888,W32A-XPFX-8FFF
300781907889,W32A-XPFX-8FFF
300781907890,W32A-XPFX-8FFF
300781907891,W32A-XPFX-8FFF
300781907892,W32A-XPFX-8FFF
300781907893,W32A-XPFX-8FFF
300781907894,W32A-XPFX-8FFF
300781907895,W32A-XPFX-8FFF
300781907896,W32A-XPFX-8FFF
300781907897,W32A-XPFX-8FFF
300781907898,W32A-XPFX-8FFF
300781907899,W32A-XPFX-8FFF
300781907900,W32A-XPFX-8FFF
300781907901,W32A-XPFX-8FFF
300781907902,W32A-XPFX-8FFF
300781907903,W32A-XPFX-8FFF
300781907904,W32A-XPFX-8FFF
300781907905,W32A-XPFX-8FFF
300781907906,W32A-XPFX-8FFF
300781907907,W32A-XPFX-8FFF
300781907908,W32A-XPFX-8FFF
300781907909,W32A-XPFX-8FFF
300781907910,W32A-XPFX-8FFF
300781907911,W32A-XPFX-8FFF
300781907912,W32A-XPFX-8FFF
300781907913,W32A-XPFX-8FFF
300781907914,W32A-XPFX-8FFF
300781907915,W32A-XPFX-8FFF
300781907916,W32A-XPFX-8FFF
300781907917,W32A-XPFX-8FFF
300781907918,W32A-XPFX-8FFF
300781907919,W32A-XPFX-8FFF
300781907920,W32A-XPFX-8FFF
300781907921,W32A-XPFX-8FFF
300781907922,W32A-XPFX-8FFF
300781907923,W32A-XPFX-8FFF
300781907924,W32A-XPFX-8FFF
300781907925,W32A-XPFX-8FFF
300781907926,W32A-XPFX-8FFF
300781907927,W32A-XPFX-8FFF
300781907928,W32A-XPFX-8FFF
300781907929,W32A-XPFX-8FFF
300781907930,W32A-XPFX-8FFF
300781907931,W32A-XPFX-8FFF
300781907932,W32A-XPFX-8FFF
300781907933,W32A-XPFX-8FFF
300781907934,W32A-XPFX-8FFF
300781907935,W32A-XPFX-8FFF
300781907936,W32A-XPFX-8FFF
300781907937,W32A-XPFX-8FFF
300781907938,W32A-XPFX-8FFF
300781907939,W32A-XPFX-8FFF
300781907940,W32A-XPFX-8FFF
300781907941,W32A-XPFX-8FFF
300781907942,W32A-XPFX-8FFF
300781907943,W32A-XPFX-8FFF
300781907944,W32A-XPFX-8FFF
300781907945,W32A-XPFX-8FFF
300781907946,W32A-XPFX-8FFF
300781907947,W32A-XPFX-8FFF
300781907948,W32A-XPFX-8FFF
300781907949,W32A-XPFX-8FFF
300781907950,W32A-XPFX-8FFF
300781907951,W32A-XPFX-8FFF
300781907952,W32A-XPFX-8FFF
300781907953,W32A-XPFX-8FFF
300781907954,W32A-XPFX-8FFF
300781907955,W32A-XPFX-8FFF
300781907956,W32A-XPFX-8FFF
300781907957,W32A-XPFX-8FFF
300781907958,W32A-XPFX-8FFF
300781907959,W32A-XPFX-8FFF
300781907960,W32A-XPFX-8FFF
300781907961,W32A-XPFX-8FFF
300781907962,W32A-XPFX-8FFF
300781907963,W32A-XPFX-8FFF
300781907964,W32A-XPFX-8FFF
300781907965,W32A-XPFX-8FFF
300781907966,W32A-XPFX-8FFF
300781907967,W32A-XPFX-8FFF
300781907968,W32A-XPFX-8FFF
300781907969,W32A-XPFX-8FFF
300781907970,W32A-XPFX-8FFF
300781907971,W32A-XPFX-8FFF
300781907972,W32A-XPFX-8FFF
300781907973,W32A-XPFX-8FFF
300781907974,W32A-XPFX-8FFF
300781907975,W32A-XPFX-8FFF
300781907976,W32A-XPFX-8FFF
300781907977,W32A-XPFX-8FFF
300781907978,W32A-XPFX-8FFF
300781907979,W32A-XPFX-8FFF
300781907980,W32A-XPFX-8FFF
300781907981,W32A-XPFX-8FFF
300781907982,W32A-XPFX-8FFF
300781907983,W32A-XPFX-8FFF
300781907984,W32A-XPFX-8FFF
300781907985,W32A-XPFX-8FFF
300781907986,W32A-XPFX-8FFF
300781907987,W32A-XPFX-8FFF
300781907988,W32A-XPFX-8FFF
300781907989,W32A-XPFX-8FFF
300781907990,W32A-XPFX-8FFF
300781907991,W32A-XPFX-8FFF
300781907992,W32A-XPFX-8FFF
300781907993,W32A-XPFX-8FFF
300781907994,W32A-XPFX-8FFF
300781907995,W32A-XPFX-8FFF
300781907996,W32A-XPFX-8FFF
300781907997,W32A-XPFX-8FFF
300781907998,W32A-XPFX-8FFF
300781907999,W32A-XPFX-8FFF
300781908000,W32A-XPFX-8FFF
300781908001,W32A-XPFX-8FFF
300781908002,W32A-XPFX-8FFF
300781908003,W32A-XPFX-8FFF
300781908004,W32A-XPFX-8FFF
300781908005,W32A-XPFX-8FFF
300781908006,W32A-XPFX-8FFF
300781908007,W32A-XPFX-8FFF
300781908008,W32A-XPFX-8FFF
300781908009,W32A-XPFX-8FFF
300781908010,W32A-XPFX-8FFF
300781908011,W32A-XPFX-8FFF
300781908012,W32A-XPFX-8FFF
300781908013,W32A-XPFX-8FFF
300781908014,W32A-XPFX-8FFF
300781908015,W32A-XPFX-8FFF
300781908016,W32A-XPFX-8FFF
300781908017,W32A-XPFX-8FFF
300781908018,W32A-XPFX-8FFF
300781908019,W32A-XPFX-8FFF
300781908020,W32A-XPFX-8FFF
300781908021,W32A-XPFX-8FFF
300781908022,W32A-XPFX-8FFF
300781908023,W32A-XPFX-8FFF
300781908024,W32A-XPFX-8FFF
300781908025,W32A-XPFX-8FFF
300781908026,W32A-XPFX-8FFF
300781908027,W32A-XPFX-8FFF
300781908028,W32A-XPFX-8FFF
300781908029,W32A-XPFX-8FFF
300781908030,W32A-XPFX-8FFF
300781908031,W32A-XPFX-8FFF
300781908032,W32A-XPFX-8FFF
300781908033,W32A-XPFX-8FFF
300781908034,W32A-XPFX-8FFF
300781908035,W32A-XPFX-8FFF
300781908036,W32A-XPFX-8FFF
300781908037,W32A-XPFX-8FFF
300781908038,W32A-XPFX-8FFF
300781908039,W32A-XPFX-8FFF
300781908040,W32A-XPFX-8FFF
300781908041,W32A-XPFX-8FFF
300781908042,W32A-XPFX-8FFF
300781908043,W32A-XPFX-8FFF
300781908044,W32A-XPFX-8FFF
300781908045,W32A-XPFX-8FFF
300781908046,W32A-XPFX-8FFF
300781908047,W32A-XPFX-8FFF
300781908048,W32A-XPFX-8FFF
300781908049,W32A-XPFX-8FFF
300781908050,W32A-XPFX-8FFF
300781908051,W32A-XPFX-8FFF
300781908052,W32A-XPFX-8FFF
300781908053,W32A-XPFX-8FFF
300781908054,W32A-XPFX-8FFF
300781908055,W32A-XPFX-8FFF
300781908056,W32A-XPFX-8FFF
300781908057,W32A-XPFX-8FFF
300781908058,W32A-XPFX-8FFF
300781908059,W32A-XPFX-8FFF
300781908060,W32A-XPFX-8FFF
300781908061,W32A-XPFX-8FFF
300781908062,W32A-XPFX-8FFF
300781908063,W32A-XPFX-8FFF
300781908064,W32A-XPFX-8FFF
300781908065,W32A-XPFX-8FFF
300781908066,W32A-XPFX-8FFF
300781908067,W32A-XPFX-8FFF
300781908068,W32A-XPFX-8FFF
300781908069,W32A-XPFX-8FFF
300781908070,W32A-XPFX-8FFF
300781908071,W32A-XPFX-8FFF
300781908072,W32A-XPFX-8FFF
300781908073,W32A-XPFX-8FFF
300781908074,W32A-XPFX-8FFF
300781908075,W32A-XPFX-8FFF
300781908076,W32A-XPFX-8FFF
300781908077,W32A-XPFX-8FFF
300781908078,W32A-XPFX-8FFF
300781908079,W32A-XPFX-8FFF
300781908080,W32A-XPFX-8FFF
300781908081,W32A-XPFX-8FFF
300781908082,W32A-XPFX-8FFF
300781908083,W32A-XPFX-8FFF
300781908084,W32A-XPFX-8FFF
300781908085,W32A-XPFX-8FFF
300781908086,W32A-XPFX-8FFF
300781908087,W32A-XPFX-8FFF
300781908088,W32A-XPFX-8FFF
300781908089,W32A-XPFX-8FFF
300781908090,W32A-XPFX-8FFF
300781908091,W32A-XPFX-8FFF
300781908092,W32A-XPFX-8FFF
300781908093,W32A-XPFX-8FFF
300781908094,W32A-XPFX-8FFF
300781908095,W32A-XPFX-8FFF
300781908096,W32A-XPFX-8FFF
300781908097,W32A-XPFX-8FFF
300781908098,W32A-XPFX-8FFF
300781908099,W32A-XPFX-8FFF
300781908100,W32A-XPFX-8FFF
300781908101,W32A-XPFX-8FFF
300781908102,W32A-XPFX-8FFF
300781908103,W32A-XPFX-8FFF
300781908104,W32A-XPFX-8FFF
300781908105,W32A-XPFX-8FFF
300781908106,W32A-XPFX-8FFF
300781908107,W32A-XPFX-8FFF
300781908108,W32A-XPFX-8FFF
300781908109,W32A-XPFX-8FFF
300781908110,W32A-XPFX-8FFF
300781908111,W32A-XPFX-8FFF
300781908112,W32A-XPFX-8FFF
300781908113,W32A-XPFX-8FFF
300781908114,W32A-XPFX-8FFF
300781908115,W32A-XPFX-8FFF
300781908116,W32A-XPFX-8FFF
300781908117,W32A-XPFX-8FFF
300781908118,W32A-XPFX-8FFF
300781908119,W32A-XPFX-8FFF
300781908120,W32A-XPFX-8FFF
300781908121,W32A-XPFX-8FFF
300781908122,W32A-XPFX-8FFF
300781908123,W32A-XPFX-8FFF
300781908124,W32A-XPFX-8FFF
300781908125,W32A-XPFX-8FFF
300781908126,W32A-XPFX-8FFF
300781908127,W32A-XPFX-8FFF
300781908128,W32A-XPFX-8FFF
300781908129,W32A-XPFX-8FFF
300781908130,W32A-XPFX-8FFF
300781908131,W32A-XPFX-8FFF
300781908132,W32A-XPFX-8FFF
300781908133,W32A-XPFX-8FFF
300781908134,W32A-XPFX-8FFF
300781908135,W32A-XPFX-8FFF
300781908136,W32A-XPFX-8FFF
300781908137,W32A-XPFX-8FFF
300781908138,W32A-XPFX-8FFF
300781908139,W32A-XPFX-8FFF
300781908140,W32A-XPFX-8FFF
300781908141,W32A-XPFX-8FFF
300781908142,W32A-XPFX-8FFF
300781908143,W32A-XPFX-8FFF
300781908144,W32A-XPFX-8FFF
300781908145,W32A-XPFX-8FFF
300781908146,W32A-XPFX-8FFF
300781908147,W32A-XPFX-8FFF
300781908148,W32A-XPFX-8FFF
300781908149,W32A-XPFX-8FFF
300781908150,W32A-XPFX-8FFF
300781908151,W32A-XPFX-8FFF
300781908152,W32A-XPFX-8FFF
300781908153,W32A-XPFX-8FFF
300781908154,W32A-XPFX-8FFF
300781908155,W32A-XPFX-8FFF
300781908156,W32A-XPFX-8FFF
300781908157,W32A-XPFX-8FFF
300781908158,W32A-XPFX-8FFF
300781908159,W32A-XPFX-8FFF
300781908160,W32A-XPFX-8FFF
300781908161,W32A-XPFX-8FFF
300781908162,W32A-XPFX-8FFF
300781908163,W32A-XPFX-8FFF
300781908164,W32A-XPFX-8FFF
300781908165,W32A-XPFX-8FFF
300781908166,W32A-XPFX-8FFF
300781908167,W32A-XPFX-8FFF
300781908168,W32A-XPFX-8FFF
300781908169,W32A-XPFX-8FFF
300781908170,W32A-XPFX-8FFF
300781908171,W32A-XPFX-8FFF
300781908172,W32A-XPFX-8FFF
300781908173,W32A-XPFX-8FFF
300781908174,W32A-XPFX-8FFF
300781908175,W32A-XPFX-8FFF
300781908176,W32A-XPFX-8FFF
300781908177,W32A-XPFX-8FFF
300781908178,W32A-XPFX-8FFF
300781908179,W32A-XPFX-8FFF
300781908180,W32A-XPFX-8FFF
300781908181,W32A-XPFX-8FFF
300781908182,W32A-XPFX-8FFF
300781908183,W32A-XPFX-8FFF
300781908184,W32A-XPFX-8FFF
300781908185,W32A-XPFX-8FFF
300781908186,W32A-XPFX-8FFF
300781908187,W32A-XPFX-8FFF
300781908188,W32A-XPFX-8FFF
300781908189,W32A-XPFX-8FFF
300781908190,W32A-XPFX-8FFF
300781908191,W32A-XPFX-8FFF
300781908192,W32A-XPFX-8FFF
300781908193,W32A-XPFX-8FFF
300781908194,W32A-XPFX-8FFF
300781908195,W32A-XPFX-8FFF
300781908196,W32A-XPFX-8FFF
300781908197,W32A-XPFX-8FFF
300781908198,W32A-XPFX-8FFF
300781908199,W32A-XPFX-8FFF
300781908200,W32A-XPFX-8FFF
300781908201,W32A-XPFX-8FFF
300781908202,W32A-XPFX-8FFF
300781908203,W32A-XPFX-8FFF
300781908204,W32A-XPFX-8FFF
300781908205,W32A-XPFX-8FFF
300781908206,W32A-XPFX-8FFF
300781908207,W32A-XPFX-8FFF
300781908208,W32A-XPFX-8FFF
300781908209,W32A-XPFX-8FFF
300781908210,W32A-XPFX-8FFF
300781908211,W32A-XPFX-8FFF
300781908212,W32A-XPFX-8FFF
300781908213,W32A-XPFX-8FFF
300781908214,W32A-XPFX-8FFF
300781908215,W32A-XPFX-8FFF
300781908216,W32A-XPFX-8FFF
300781908217,W32A-XPFX-8FFF
300781908218,W32A-XPFX-8FFF
300781908219,W32A-XPFX-8FFF
300781908220,W32A-XPFX-8FFF
300781908221,W32A-XPFX-8FFF
300781908222,W32A-XPFX-8FFF
300781908223,W32A-XPFX-8FFF
300781908224,W32A-XPFX-8FFF
300781908225,W32A-XPFX-8FFF
300781908226,W32A-XPFX-8FFF
300781908227,W32A-XPFX-8FFF
300781908228,W32A-XPFX-8FFF
300781908229,W32A-XPFX-8FFF
300781908230,W32A-XPFX-8FFF
300781908231,W32A-XPFX-8FFF
300781908232,W32A-XPFX-8FFF
300781908233,W32A-XPFX-8FFF
300781908234,W32A-XPFX-8FFF
300781908235,W32A-XPFX-8FFF
300781908236,W32A-XPFX-8FFF
300781908237,W32A-XPFX-8FFF
300781908238,W32A-XPFX-8FFF
300781908239,W32A-XPFX-8FFF
300781908240,W32A-XPFX-8FFF
300781908241,W32A-XPFX-8FFF
300781908242,W32A-XPFX-8FFF
300781908243,W32A-XPFX-8FFF
300781908244,W32A-XPFX-8FFF
300781908245,W32A-XPFX-8FFF
300781908246,W32A-XPFX-8FFF
300781908247,W32A-XPFX-8FFF
300781908248,W32A-XPFX-8FFF
300781908249,W32A-XPFX-8FFF
300781908250,W32A-XPFX-8FFF
300781908251,W32A-XPFX-8FFF
300781908252,W32A-XPFX-8FFF
300781908253,W32A-XPFX-8FFF
300781908254,W32A-XPFX-8FFF
300781908255,W32A-XPFX-8FFF
300781908256,W32A-XPFX-8FFF
300781908257,W32A-XPFX-8FFF
300781908258,W32A-XPFX-8FFF
300781908259,W32A-XPFX-8FFF
300781908260,W32A-XPFX-8FFF
300781908261,W32A-XPFX-8FFF
300781908262,W32A-XPFX-8FFF
300781908263,W32A-XPFX-8FFF
300781908264,W32A-XPFX-8FFF
300781908265,W32A-XPFX-8FFF
300781908266,W32A-XPFX-8FFF
300781908267,W32A-XPFX-8FFF
300781908268,W32A-XPFX-8FFF
300781908269,W32A-XPFX-8FFF
300781908270,W32A-XPFX-8FFF
300781908271,W32A-XPFX-8FFF
300781908272,W32A-XPFX-8FFF
300781908273,W32A-XPFX-8FFF
300781908274,W32A-XPFX-8FFF
300781908275,W32A-XPFX-8FFF
300781908276,W32A-XPFX-8FFF
300781908277,W32A-XPFX-8FFF
300781908278,W32A-XPFX-8FFF
300781908279,W32A-XPFX-8FFF
300781908280,W32A-XPFX-8FFF
300781908281,W32A-XPFX-8FFF
300781908282,W32A-XPFX-8FFF
300781908283,W32A-XPFX-8FFF
300781908284,W32A-XPFX-8FFF
300781908285,W32A-XPFX-8FFF
300781908286,W32A-XPFX-8FFF
300781908287,W32A-XPFX-8FFF
300781908288,W32A-XPFX-8FFF
300781908289,W32A-XPFX-8FFF
300781908290,W32A-XPFX-8FFF
300781908291,W32A-XPFX-8FFF
300781908292,W32A-XPFX-8FFF
300781908293,W32A-XPFX-8FFF
300781908294,W32A-XPFX-8FFF
300781908295,W32A-XPFX-8FFF
300781908296,W32A-XPFX-8FFF
300781908297,W32A-XPFX-8FFF
300781908298,W32A-XPFX-8FFF
300781908299,W32A-XPFX-8FFF
300781908300,W32A-XPFX-8FFF
300781908301,W32A-XPFX-8FFF
300781908302,W32A-XPFX-8FFF
300781908303,W32A-XPFX-8FFF
300781908304,W32A-XPFX-8FFF
300781908305,W32A-XPFX-8FFF
300781908306,W32A-XPFX-8FFF
300781908307,W32A-XPFX-8FFF
300781908308,W32A-XPFX-8FFF
300781908309,W32A-XPFX-8FFF
300781908310,W32A-XPFX-8FFF
300781908311,W32A-XPFX-8FFF
300781908312,W32A-XPFX-8FFF
300781908313,W32A-XPFX-8FFF
300781908314,W32A-XPFX-8FFF
300781908315,W32A-XPFX-8FFF
300781908316,W32A-XPFX-8FFF
300781908317,W32A-XPFX-8FFF
300781908318,W32A-XPFX-8FFF
300781908319,W32A-XPFX-8FFF
300781908320,W32A-XPFX-8FFF
300781908321,W32A-XPFX-8FFF
300781908322,W32A-XPFX-8FFF
300781908323,W32A-XPFX-8FFF
300781908324,W32A-XPFX-8FFF
300781908325,W32A-XPFX-8FFF
300781908326,W32A-XPFX-8FFF
300781908327,W32A-XPFX-8FFF
300781908328,W32A-XPFX-8FFF
300781908329,W32A-XPFX-8FFF
300781908330,W32A-XPFX-8FFF
300781908331,W32A-XPFX-8FFF
300781908332,W32A-XPFX-8FFF
300781908333,W32A-XPFX-8FFF
300781908334,W32A-XPFX-8FFF
300781908335,W32A-XPFX-8FFF
300781908336,W32A-XPFX-8FFF
300781908337,W32A-XPFX-8FFF
300781908338,W32A-XPFX-8FFF
300781908339,W32A-XPFX-8FFF
300781908340,W32A-XPFX-8FFF
300781908341,W32A-XPFX-8FFF
300781908342,W32A-XPFX-8FFF
300781908343,W32A-XPFX-8FFF
300781908344,W32A-XPFX-8FFF
300781908345,W32A-XPFX-8FFF
300781908346,W32A-XPFX-8FFF
300781908347,W32A-XPFX-8FFF
300781908348,W32A-XPFX-8FFF
300781908349,W32A-XPFX-8FFF
300781908350,W32A-XPFX-8FFF
300781908351,W32A-XPFX-8FFF
300781908352,W32A-XPFX-8FFF
300781908353,W32A-XPFX-8FFF
300781908354,W32A-XPFX-8FFF
300781908355,W32A-XPFX-8FFF
300781908356,W32A-XPFX-8FFF
300781908357,W32A-XPFX-8FFF
300781908358,W32A-XPFX-8FFF
300781908359,W32A-XPFX-8FFF
300781908360,W32A-XPFX-8FFF
300781908361,W32A-XPFX-8FFF
300781908362,W32A-XPFX-8FFF
300781908363,W32A-XPFX-8FFF
300781908364,W32A-XPFX-8FFF
300781908365,W32A-XPFX-8FFF
300781908366,W32A-XPFX-8FFF
300781908367,W32A-XPFX-8FFF
300781908368,W32A-XPFX-8FFF
300781908369,W32A-XPFX-8FFF
300781908370,W32A-XPFX-8FFF
300781908371,W32A-XPFX-8FFF
300781908372,W32A-XPFX-8FFF
300781908373,W32A-XPFX-8FFF
300781908374,W32A-XPFX-8FFF
300781908375,W32A-XPFX-8FFF
300781908376,W32A-XPFX-8FFF
300781908377,W32A-XPFX-8FFF
300781908378,W32A-XPFX-8FFF
300781908379,W32A-XPFX-8FFF
300781908380,W32A-XPFX-8FFF
300781908381,W32A-XPFX-8FFF
300781908382,W32A-XPFX-8FFF
300781908383,W32A-XPFX-8FFF
300781908384,W32A-XPFX-8FFF
300781908385,W32A-XPFX-8FFF
300781908386,W32A-XPFX-8FFF
300781908387,W32A-XPFX-8FFF
300781908388,W32A-XPFX-8FFF
300781908389,W32A-XPFX-8FFF
300781908390,W32A-XPFX-8FFF
300781908391,W32A-XPFX-8FFF
300781908392,W32A-XPFX-8FFF
300781908393,W32A-XPFX-8FFF
300781908394,W32A-XPFX-8FFF
300781908395,W32A-XPFX-8FFF
300781908396,W32A-XPFX-8FFF
300781908397,W32A-XPFX-8FFF
300781908398,W32A-XPFX-8FFF
300781908399,W32A-XPFX-8FFF
300781908400,W32A-XPFX-8FFF
300781908401,W32A-XPFX-8FFF
300781908402,W32A-XPFX-8FFF
300781908403,W32A-XPFX-8FFF
300781908404,W32A-XPFX-8FFF
300781908405,W32A-XPFX-8FFF
300781908406,W32A-XPFX-8FFF
300781908407,W32A-XPFX-8FFF
300781908408,W32A-XPFX-8FFF
300781908409,W32A-XPFX-8FFF
300781908410,W32A-XPFX-8FFF
300781908411,W32A-XPFX-8FFF
300781908412,W32A-XPFX-8FFF
300781908413,W32A-XPFX-8FFF
300781908414,W32A-XPFX-8FFF
300781908415,W32A-XPFX-8FFF
300781908416,W32A-XPFX-8FFF
300781908417,W32A-XPFX-8FFF
300781908418,W32A-XPFX-8FFF
300781908419,W32A-XPFX-8FFF
300781908420,W32A-XPFX-8FFF
300781908421,W32A-XPFX-8FFF
300781908422,W32A-XPFX-8FFF
300781908423,W32A-XPFX-8FFF
300781908424,W32A-XPFX-8FFF
300781908425,W32A-XPFX-8FFF
300781908426,W32A-XPFX-8FFF
300781908427,W32A-XPFX-8FFF
300781908428,W32A-XPFX-8FFF
300781908429,W32A-XPFX-8FFF
300781908430,W32A-XPFX-8FFF
300781908431,W32A-XPFX-8FFF
300781908432,W32A-XPFX-8FFF
300781908433,W32A-XPFX-8FFF
300781908434,W32A-XPFX-8FFF
300781908435,W32A-XPFX-8FFF
300781908436,W32A-XPFX-8FFF
300781908437,W32A-XPFX-8FFF
300781908438,W32A-XPFX-8FFF
300781908439,W32A-XPFX-8FFF
300781908440,W32A-XPFX-8FFF
300781908441,W32A-XPFX-8FFF
300781908442,W32A-XPFX-8FFF
300781908443,W32A-XPFX-8FFF
300781908444,W32A-XPFX-8FFF
300781908445,W32A-XPFX-8FFF
300781908446,W32A-XPFX-8FFF
300781908447,W32A-XPFX-8FFF
300781908448,W32A-XPFX-8FFF
300781908449,W32A-XPFX-8FFF
300781908450,W32A-XPFX-8FFF
300781908451,W32A-XPFX-8FFF
300781908452,W32A-XPFX-8FFF
300781908453,W32A-XPFX-8FFF
300781908454,W32A-XPFX-8FFF
300781908455,W32A-XPFX-8FFF
300781908456,W32A-XPFX-8FFF
300781908457,W32A-XPFX-8FFF
300781908458,W32A-XPFX-8FFF
300781908459,W32A-XPFX-8FFF
300781908460,W32A-XPFX-8FFF
300781908461,W32A-XPFX-8FFF
300781908462,W32A-XPFX-8FFF
300781908463,W32A-XPFX-8FFF
300781908464,W32A-XPFX-8FFF
300781908465,W32A-XPFX-8FFF
300781908466,W32A-XPFX-8FFF
300781908467,W32A-XPFX-8FFF
300781908468,W32A-XPFX-8FFF
300781908469,W32A-XPFX-8FFF
300781908470,W32A-XPFX-8FFF
300781908471,W32A-XPFX-8FFF
300781908472,W32A-XPFX-8FFF
300781908473,W32A-XPFX-8FFF
300781908474,W32A-XPFX-8FFF
300781908475,W32A-XPFX-8FFF
300781908476,W32A-XPFX-8FFF
300781908477,W32A-XPFX-8FFF
300781908478,W32A-XPFX-8FFF
300781908479,W32A-XPFX-8FFF
300781908480,W32A-XPFX-8FFF
300781908481,W32A-XPFX-8FFF
300781908482,W32A-XPFX-8FFF
300781908483,W32A-XPFX-8FFF
300781908484,W32A-XPFX-8FFF
300781908485,W32A-XPFX-8FFF
300781908486,W32A-XPFX-8FFF
300781908487,W32A-XPFX-8FFF
300781908488,W32A-XPFX-8FFF
300781908489,W32A-XPFX-8FFF
300781908490,W32A-XPFX-8FFF
300781908491,W32A-XPFX-8FFF
300781908492,W32A-XPFX-8FFF
300781908493,W32A-XPFX-8FFF
300781908494,W32A-XPFX-8FFF
300781908495,W32A-XPFX-8FFF
300781908496,W32A-XPFX-8FFF
300781908497,W32A-XPFX-8FFF
300781908498,W32A-XPFX-8FFF
300781908499,W32A-XPFX-8FFF
300781908500,W32A-XPFX-8FFF
300781908501,W32A-XPFX-8FFF
300781908502,W32A-XPFX-8FFF
300781908503,W32A-XPFX-8FFF
300781908504,W32A-XPFX-8FFF
300781908505,W32A-XPFX-8FFF
300781908506,W32A-XPFX-8FFF
300781908507,W32A-XPFX-8FFF
300781908508,W32A-XPFX-8FFF
300781908509,W32A-XPFX-8FFF
300781908510,W32A-XPFX-8FFF
300781908511,W32A-XPFX-8FFF
300781908512,W32A-XPFX-8FFF
300781908513,W32A-XPFX-8FFF
300781908514,W32A-XPFX-8FFF
300781908515,W32A-XPFX-8FFF
300781908516,W32A-XPFX-8FFF
300781908517,W32A-XPFX-8FFF
300781908518,W32A-XPFX-8FFF
300781908519,W32A-XPFX-8FFF
300781908520,W32A-XPFX-8FFF
300781908521,W32A-XPFX-8FFF
300781908522,W32A-XPFX-8FFF
300781908523,W32A-XPFX-8FFF
300781908524,W32A-XPFX-8FFF
300781908525,W32A-XPFX-8FFF
300781908526,W32A-XPFX-8FFF
300781908527,W32A-XPFX-8FFF
300781908528,W32A-XPFX-8FFF
300781908529,W32A-XPFX-8FFF
300781908530,W32A-XPFX-8FFF
300781908531,W32A-XPFX-8FFF
300781908532,W32A-XPFX-8FFF
300781908533,W32A-XPFX-8FFF
300781908534,W32A-XPFX-8FFF
300781908535,W32A-XPFX-8FFF
300781908536,W32A-XPFX-8FFF
300781908537,W32A-XPFX-8FFF
300781908538,W32A-XPFX-8FFF
300781908539,W32A-XPFX-8FFF
300781908540,W32A-XPFX-8FFF
300781908541,W32A-XPFX-8FFF
300781908542,W32A-XPFX-8FFF
300781908543,W32A-XPFX-8FFF
300781908544,W32A-XPFX-8FFF
300781908545,W32A-XPFX-8FFF
300781908546,W32A-XPFX-8FFF
300781908547,W32A-XPFX-8FFF
300781908548,W32A-XPFX-8FFF
300781908549,W32A-XPFX-8FFF
300781908550,W32A-XPFX-8FFF
300781908551,W32A-XPFX-8FFF
300781908552,W32A-XPFX-8FFF
300781908553,W32A-XPFX-8FFF
300781908554,W32A-XPFX-8FFF
300781908555,W32A-XPFX-8FFF
300781908556,W32A-XPFX-8FFF
300781908557,W32A-XPFX-8FFF
300781908558,W32A-XPFX-8FFF
300781908559,W32A-XPFX-8FFF
300781908560,W32A-XPFX-8FFF
300781908561,W32A-XPFX-8FFF
300781908562,W32A-XPFX-8FFF
300781908563,W32A-XPFX-8FFF
300781908564,W32A-XPFX-8FFF
300781908565,W32A-XPFX-8FFF
300781908566,W32A-XPFX-8FFF
300781908567,W32A-XPFX-8FFF
300781908568,W32A-XPFX-8FFF
300781908569,W32A-XPFX-8FFF
300781908570,W32A-XPFX-8FFF
300781908571,W32A-XPFX-8FFF
300781908572,W32A-XPFX-8FFF
300781908573,W32A-XPFX-8FFF
300781908574,W32A-XPFX-8FFF
300781908575,W32A-XPFX-8FFF
300781908576,W32A-XPFX-8FFF
300781908577,W32A-XPFX-8FFF
300781908578,W32A-XPFX-8FFF
300781908579,W32A-XPFX-8FFF
300781908580,W32A-XPFX-8FFF
300781908581,W32A-XPFX-8FFF
300781908582,W32A-XPFX-8FFF
300781908583,W32A-XPFX-8FFF
300781908584,W32A-XPFX-8FFF
300781908585,W32A-XPFX-8FFF
300781908586,W32A-XPFX-8FFF
300781908587,W32A-XPFX-8FFF
300781908588,W32A-XPFX-8FFF
300781908589,W32A-XPFX-8FFF
300781908590,W32A-XPFX-8FFF
300781908591,W32A-XPFX-8FFF
300781908592,W32A-XPFX-8FFF
300781908593,W32A-XPFX-8FFF
300781908594,W32A-XPFX-8FFF
300781908595,W32A-XPFX-8FFF
300781908596,W32A-XPFX-8FFF
300781908597,W32A-XPFX-8FFF
300781908598,W32A-XPFX-8FFF
300781908599,W32A-XPFX-8FFF
300781908600,W32A-XPFX-8FFF
300781908601,W32A-XPFX-8FFF
300781908602,W32A-XPFX-8FFF
300781908603,W32A-XPFX-8FFF
300781908604,W32A-XPFX-8FFF
300781908605,W32A-XPFX-8FFF
300781908606,W32A-XPFX-8FFF
300781908607,W32A-XPFX-8FFF
300781908608,W32A-XPFX-8FFF
300781908609,W32A-XPFX-8FFF
300781908610,W32A-XPFX-8FFF
300781908611,W32A-XPFX-8FFF
300781908612,W32A-XPFX-8FFF
300781908613,W32A-XPFX-8FFF
300781908614,W32A-XPFX-8FFF
300781908615,W32A-XPFX-8FFF
300781908616,W32A-XPFX-8FFF
300781908617,W32A-XPFX-8FFF
300781908618,W32A-XPFX-8FFF
300781908619,W32A-XPFX-8FFF
300781908620,W32A-XPFX-8FFF
300781908621,W32A-XPFX-8FFF
300781908622,W32A-XPFX-8FFF
300781908623,W32A-XPFX-8FFF
300781908624,W32A-XPFX-8FFF
300781908625,W32A-XPFX-8FFF
300781908626,W32A-XPFX-8FFF
300781908627,W32A-XPFX-8FFF
300781908628,W32A-XPFX-8FFF
300781908629,W32A-XPFX-8FFF
300781908630,W32A-XPFX-8FFF
300781908631,W32A-XPFX-8FFF
300781908632,W32A-XPFX-8FFF
300781908633,W32A-XPFX-8FFF
300781908634,W32A-XPFX-8FFF
300781908635,W32A-XPFX-8FFF
300781908636,W32A-XPFX-8FFF
300781908637,W32A-XPFX-8FFF
300781908638,W32A-XPFX-8FFF
300781908639,W32A-XPFX-8FFF
300781908640,W32A-XPFX-8FFF
300781908641,W32A-XPFX-8FFF
300781908642,W32A-XPFX-8FFF
300781908643,W32A-XPFX-8FFF
300781908644,W32A-XPFX-8FFF
300781908645,W32A-XPFX-8FFF
300781908646,W32A-XPFX-8FFF
300781908647,W32A-XPFX-8FFF
300781908648,W32A-XPFX-8FFF
300781908649,W32A-XPFX-8FFF
300781908650,W32A-XPFX-8FFF
300781908651,W32A-XPFX-8FFF
300781908652,W32A-XPFX-8FFF
300781908653,W32A-XPFX-8FFF
300781908654,W32A-XPFX-8FFF
300781908655,W32A-XPFX-8FFF
300781908656,W32A-XPFX-8FFF
300781908657,W32A-XPFX-8FFF
300781908658,W32A-XPFX-8FFF
300781908659,W32A-XPFX-8FFF
300781908660,W32A-XPFX-8FFF
300781908661,W32A-XPFX-8FFF
300781908662,W32A-XPFX-8FFF
300781908663,W32A-XPFX-8FFF
300781908664,W32A-XPFX-8FFF
300781908665,W32A-XPFX-8FFF
300781908666,W32A-XPFX-8FFF
300781908667,W32A-XPFX-8FFF
300781908668,W32A-XPFX-8FFF
300781908669,W32A-XPFX-8FFF
300781908670,W32A-XPFX-8FFF
300781908671,W32A-XPFX-8FFF
300781908672,W32A-XPFX-8FFF
300781908673,W32A-XPFX-8FFF
300781908674,W32A-XPFX-8FFF
300781908675,W32A-XPFX-8FFF
300781908676,W32A-XPFX-8FFF
300781908677,W32A-XPFX-8FFF
300781908678,W32A-XPFX-8FFF
300781908679,W32A-XPFX-8FFF
300781908680,W32A-XPFX-8FFF
300781908681,W32A-XPFX-8FFF
300781908682,W32A-XPFX-8FFF
300781908683,W32A-XPFX-8FFF
300781908684,W32A-XPFX-8FFF
300781908685,W32A-XPFX-8FFF
300781908686,W32A-XPFX-8FFF
300781908687,W32A-XPFX-8FFF
300781908688,W32A-XPFX-8FFF
300781908689,W32A-XPFX-8FFF
300781908690,W32A-XPFX-8FFF
300781908691,W32A-XPFX-8FFF
300781908692,W32A-XPFX-8FFF
300781908693,W32A-XPFX-8FFF
300781908694,W32A-XPFX-8FFF
300781908695,W32A-XPFX-8FFF
300781908696,W32A-XPFX-8FFF
300781908697,W32A-XPFX-8FFF
300781908698,W32A-XPFX-8FFF
300781908699,W32A-XPFX-8FFF
300781908700,W32A-XPFX-8FFF
300781908701,W32A-XPFX-8FFF
300781908702,W32A-XPFX-8FFF
300781908703,W32A-XPFX-8FFF
300781908704,W32A-XPFX-8FFF
300781908705,W32A-XPFX-8FFF
300781908706,W32A-XPFX-8FFF
300781908707,W32A-XPFX-8FFF
300781908708,W32A-XPFX-8FFF
300781908709,W32A-XPFX-8FFF
300781908710,W32A-XPFX-8FFF
300781908711,W32A-XPFX-8FFF
300781908712,W32A-XPFX-8FFF
300781908713,W32A-XPFX-8FFF
300781908714,W32A-XPFX-8FFF
300781908715,W32A-XPFX-8FFF
300781908716,W32A-XPFX-8FFF
300781908717,W32A-XPFX-8FFF
300781908718,W32A-XPFX-8FFF
300781908719,W32A-XPFX-8FFF
300781908720,W32A-XPFX-8FFF
300781908721,W32A-XPFX-8FFF
300781908722,W32A-XPFX-8FFF
300781908723,W32A-XPFX-8FFF
300781908724,W32A-XPFX-8FFF
300781908725,W32A-XPFX-8FFF
300781908726,W32A-XPFX-8FFF
300781908727,W32A-XPFX-8FFF
300781908728,W32A-XPFX-8FFF
300781908729,W32A-XPFX-8FFF
300781908730,W32A-XPFX-8FFF
300781908731,W32A-XPFX-8FFF
300781908732,W32A-XPFX-8FFF
300781908733,W32A-XPFX-8FFF
300781908734,W32A-XPFX-8FFF
300781908735,W32A-XPFX-8FFF
300781908736,W32A-XPFX-8FFF
300781908737,W32A-XPFX-8FFF
300781908738,W32A-XPFX-8FFF
300781908739,W32A-XPFX-8FFF
300781908740,W32A-XPFX-8FFF
300781908741,W32A-XPFX-8FFF
300781908742,W32A-XPFX-8FFF
300781908743,W32A-XPFX-8FFF
300781908744,W32A-XPFX-8FFF
300781908745,W32A-XPFX-8FFF
300781908746,W32A-XPFX-8FFF
300781908747,W32A-XPFX-8FFF
300781908748,W32A-XPFX-8FFF
300781908749,W32A-XPFX-8FFF
300781908750,W32A-XPFX-8FFF
300781908751,W32A-XPFX-8FFF
300781908752,W32A-XPFX-8FFF
300781908753,W32A-XPFX-8FFF
300781908754,W32A-XPFX-8FFF
300781908755,W32A-XPFX-8FFF
300781908756,W32A-XPFX-8FFF
300781908757,W32A-XPFX-8FFF
300781908758,W32A-XPFX-8FFF
300781908759,W32A-XPFX-8FFF
300781908760,W32A-XPFX-8FFF
300781908761,W32A-XPFX-8FFF
300781908762,W32A-XPFX-8FFF
300781908763,W32A-XPFX-8FFF
300781908764,W32A-XPFX-8FFF
300781908765,W32A-XPFX-8FFF
300781908766,W32A-XPFX-8FFF
300781908767,W32A-XPFX-8FFF
300781908768,W32A-XPFX-8FFF
300781908769,W32A-XPFX-8FFF
300781908770,W32A-XPFX-8FFF
300781908771,W32A-XPFX-8FFF
300781908772,W32A-XPFX-8FFF
300781908773,W32A-XPFX-8FFF
300781908774,W32A-XPFX-8FFF
300781908775,W32A-XPFX-8FFF
300781908776,W32A-XPFX-8FFF
300781908777,W32A-XPFX-8FFF
300781908778,W32A-XPFX-8FFF
300781908779,W32A-XPFX-8FFF
300781908780,W32A-XPFX-8FFF
300781908781,W32A-XPFX-8FFF
300781908782,W32A-XPFX-8FFF
300781908783,W32A-XPFX-8FFF
300781908784,W32A-XPFX-8FFF
300781908785,W32A-XPFX-8FFF
300781908786,W32A-XPFX-8FFF
300781908787,W32A-XPFX-8FFF
300781908788,W32A-XPFX-8FFF
300781908789,W32A-XPFX-8FFF
300781908790,W32A-XPFX-8FFF
300781908791,W32A-XPFX-8FFF
300781908792,W32A-XPFX-8FFF
300781908793,W32A-XPFX-8FFF
300781908794,W32A-XPFX-8FFF
300781908795,W32A-XPFX-8FFF
300781908796,W32A-XPFX-8FFF
300781908797,W32A-XPFX-8FFF
300781908798,W32A-XPFX-8FFF
300781908799,W32A-XPFX-8FFF
300781908800,W32A-XPFX-8FFF
300781908801,W32A-XPFX-8FFF
300781908802,W32A-XPFX-8FFF
300781908803,W32A-XPFX-8FFF
300781908804,W32A-XPFX-8FFF
300781908805,W32A-XPFX-8FFF
300781908806,W32A-XPFX-8FFF
300781908807,W32A-XPFX-8FFF
300781908808,W32A-XPFX-8FFF
300781908809,W32A-XPFX-8FFF
300781908810,W32A-XPFX-8FFF
300781908811,W32A-XPFX-8FFF
300781908812,W32A-XPFX-8FFF
300781908813,W32A-XPFX-8FFF
300781908814,W32A-XPFX-8FFF
300781908815,W32A-XPFX-8FFF
300781908816,W32A-XPFX-8FFF
300781908817,W32A-XPFX-8FFF
300781908818,W32A-XPFX-8FFF
300781908819,W32A-XPFX-8FFF
300781908820,W32A-XPFX-8FFF
300781908821,W32A-XPFX-8FFF
300781908822,W32A-XPFX-8FFF
300781908823,W32A-XPFX-8FFF
300781908824,W32A-XPFX-8FFF
300781908825,W32A-XPFX-8FFF
300781908826,W32A-XPFX-8FFF
300781908827,W32A-XPFX-8FFF
300781908828,W32A-XPFX-8FFF
300781908829,W32A-XPFX-8FFF
300781908830,W32A-XPFX-8FFF
300781908831,W32A-XPFX-8FFF
300781908832,W32A-XPFX-8FFF
300781908833,W32A-XPFX-8FFF
300781908834,W32A-XPFX-8FFF
300781908835,W32A-XPFX-8FFF
300781908836,W32A-XPFX-8FFF
300781908837,W32A-XPFX-8FFF
300781908838,W32A-XPFX-8FFF
300781908839,W32A-XPFX-8FFF
300781908840,W32A-XPFX-8FFF
300781908841,W32A-XPFX-8FFF
300781908842,W32A-XPFX-8FFF
300781908843,W32A-XPFX-8FFF
300781908844,W32A-XPFX-8FFF
300781908845,W32A-XPFX-8FFF
300781908846,W32A-XPFX-8FFF
300781908847,W32A-XPFX-8FFF
300781908848,W32A-XPFX-8FFF
300781908849,W32A-XPFX-8FFF
300781908850,W32A-XPFX-8FFF
300781908851,W32A-XPFX-8FFF
300781908852,W32A-XPFX-8FFF
300781908853,W32A-XPFX-8FFF
300781908854,W32A-XPFX-8FFF
300781908855,W32A-XPFX-8FFF
300781908856,W32A-XPFX-8FFF
300781908857,W32A-XPFX-8FFF
300781908858,W32A-XPFX-8FFF
300781908859,W32A-XPFX-8FFF
300781908860,W32A-XPFX-8FFF
300781908861,W32A-XPFX-8FFF
300781908862,W32A-XPFX-8FFF
300781908863,W32A-XPFX-8FFF
300781908864,W32A-XPFX-8FFF
300781908865,W32A-XPFX-8FFF
300781908866,W32A-XPFX-8FFF
300781908867,W32A-XPFX-8FFF
300781908868,W32A-XPFX-8FFF
300781908869,W32A-XPFX-8FFF
300781908870,W32A-XPFX-8FFF
300781908871,W32A-XPFX-8FFF
300781908872,W32A-XPFX-8FFF
300781908873,W32A-XPFX-8FFF
300781908874,W32A-XPFX-8FFF
300781908875,W32A-XPFX-8FFF
300781908876,W32A-XPFX-8FFF
300781908877,W32A-XPFX-8FFF
300781908878,W32A-XPFX-8FFF
300781908879,W32A-XPFX-8FFF
300781908880,W32A-XPFX-8FFF
300781908881,W32A-XPFX-8FFF
300781908882,W32A-XPFX-8FFF
300781908883,W32A-XPFX-8FFF
300781908884,W32A-XPFX-8FFF
300781908885,W32A-XPFX-8FFF
300781908886,W32A-XPFX-8FFF
300781908887,W32A-XPFX-8FFF
300781908888,W32A-XPFX-8FFF
300781908889,W32A-XPFX-8FFF
300781908890,W32A-XPFX-8FFF
300781908891,W32A-XPFX-8FFF
300781908892,W32A-XPFX-8FFF
300781908893,W32A-XPFX-8FFF
300781908894,W32A-XPFX-8FFF
300781908895,W32A-XPFX-8FFF
300781908896,W32A-XPFX-8FFF
300781908897,W32A-XPFX-8FFF
300781908898,W32A-XPFX-8FFF
300781908899,W32A-XPFX-8FFF
300781908900,W32A-XPFX-8FFF
300781908901,W32A-XPFX-8FFF
300781908902,W32A-XPFX-8FFF
300781908903,W32A-XPFX-8FFF
300781908904,W32A-XPFX-8FFF
300781908905,W32A-XPFX-8FFF
300781908906,W32A-XPFX-8FFF
300781908907,W32A-XPFX-8FFF
300781908908,W32A-XPFX-8FFF
300781908909,W32A-XPFX-8FFF
300781908910,W32A-XPFX-8FFF
300781908911,W32A-XPFX-8FFF
300781908912,W32A-XPFX-8FFF
300781908913,W32A-XPFX-8FFF
300781908914,W32A-XPFX-8FFF
300781908915,W32A-XPFX-8FFF
300781908916,W32A-XPFX-8FFF
300781908917,W32A-XPFX-8FFF
300781908918,W32A-XPFX-8FFF
300781908919,W32A-XPFX-8FFF
300781908920,W32A-XPFX-8FFF
300781908921,W32A-XPFX-8FFF
300781908922,W32A-XPFX-8FFF
300781908923,W32A-XPFX-8FFF
300781908924,W32A-XPFX-8FFF
300781908925,W32A-XPFX-8FFF
300781908926,W32A-XPFX-8FFF
300781908927,W32A-XPFX-8FFF
300781908928,W32A-XPFX-8FFF
300781908929,W32A-XPFX-8FFF
300781908930,W32A-XPFX-8FFF
300781908931,W32A-XPFX-8FFF
300781908932,W32A-XPFX-8FFF
300781908933,W32A-XPFX-8FFF
300781908934,W32A-XPFX-8FFF
300781908935,W32A-XPFX-8FFF
300781908936,W32A-XPFX-8FFF
300781908937,W32A-XPFX-8FFF
300781908938,W32A-XPFX-8FFF
300781908939,W32A-XPFX-8FFF
300781908940,W32A-XPFX-8FFF
300781908941,W32A-XPFX-8FFF
300781908942,W32A-XPFX-8FFF
300781908943,W32A-XPFX-8FFF
300781908944,W32A-XPFX-8FFF
300781908945,W32A-XPFX-8FFF
300781908946,W32A-XPFX-8FFF
300781908947,W32A-XPFX-8FFF
300781908948,W32A-XPFX-8FFF
300781908949,W32A-XPFX-8FFF
300781908950,W32A-XPFX-8FFF
300781908951,W32A-XPFX-8FFF
300781908952,W32A-XPFX-8FFF
300781908953,W32A-XPFX-8FFF
300781908954,W32A-XPFX-8FFF
300781908955,W32A-XPFX-8FFF
300781908956,W32A-XPFX-8FFF
300781908957,W32A-XPFX-8FFF
300781908958,W32A-XPFX-8FFF
300781908959,W32A-XPFX-8FFF
300781908960,W32A-XPFX-8FFF
300781908961,W32A-XPFX-8FFF
300781908962,W32A-XPFX-8FFF
300781908963,W32A-XPFX-8FFF
300781908964,W32A-XPFX-8FFF
300781908965,W32A-XPFX-8FFF
300781908966,W32A-XPFX-8FFF
300781908967,W32A-XPFX-8FFF
300781908968,W32A-XPFX-8FFF
300781908969,W32A-XPFX-8FFF
300781908970,W32A-XPFX-8FFF
300781908971,W32A-XPFX-8FFF
300781908972,W32A-XPFX-8FFF
300781908973,W32A-XPFX-8FFF
300781908974,W32A-XPFX-8FFF
300781908975,W32A-XPFX-8FFF
300781908976,W32A-XPFX-8FFF
300781908977,W32A-XPFX-8FFF
300781908978,W32A-XPFX-8FFF
300781908979,W32A-XPFX-8FFF
300781908980,W32A-XPFX-8FFF
300781908981,W32A-XPFX-8FFF
300781908982,W32A-XPFX-8FFF
300781908983,W32A-XPFX-8FFF
300781908984,W32A-XPFX-8FFF
300781908985,W32A-XPFX-8FFF
300781908986,W32A-XPFX-8FFF
300781908987,W32A-XPFX-8FFF
300781908988,W32A-XPFX-8FFF
300781908989,W32A-XPFX-8FFF
300781908990,W32A-XPFX-8FFF
300781908991,W32A-XPFX-8FFF
300781908992,W32A-XPFX-8FFF
300781908993,W32A-XPFX-8FFF
300781908994,W32A-XPFX-8FFF
300781908995,W32A-XPFX-8FFF
300781908996,W32A-XPFX-8FFF
300781908997,W32A-XPFX-8FFF
300781908998,W32A-XPFX-8FFF
300781908999,W32A-XPFX-8FFF
300781909000,W32A-XPFX-8FFF
300781909001,W32A-XPFX-8FFF
300781909002,W32A-XPFX-8FFF
300781909003,W32A-XPFX-8FFF
300781909004,W32A-XPFX-8FFF
300781909005,W32A-XPFX-8FFF
300781909006,W32A-XPFX-8FFF
300781909007,W32A-XPFX-8FFF
300781909008,W32A-XPFX-8FFF
300781909009,W32A-XPFX-8FFF
300781909010,W32A-XPFX-8FFF
300781909011,W32A-XPFX-8FFF
300781909012,W32A-XPFX-8FFF
300781909013,W32A-XPFX-8FFF
300781909014,W32A-XPFX-8FFF
300781909015,W32A-XPFX-8FFF
300781909016,W32A-XPFX-8FFF
300781909017,W32A-XPFX-8FFF
300781909018,W32A-XPFX-8FFF
300781909019,W32A-XPFX-8FFF
300781909020,W32A-XPFX-8FFF
300781909021,W32A-XPFX-8FFF
300781909022,W32A-XPFX-8FFF
300781909023,W32A-XPFX-8FFF
300781909024,W32A-XPFX-8FFF
300781909025,W32A-XPFX-8FFF
300781909026,W32A-XPFX-8FFF
300781909027,W32A-XPFX-8FFF
300781909028,W32A-XPFX-8FFF
300781909029,W32A-XPFX-8FFF
300781909030,W32A-XPFX-8FFF
300781909031,W32A-XPFX-8FFF
300781909032,W32A-XPFX-8FFF
300781909033,W32A-XPFX-8FFF
300781909034,W32A-XPFX-8FFF
300781909035,W32A-XPFX-8FFF
300781909036,W32A-XPFX-8FFF
300781909037,W32A-XPFX-8FFF
300781909038,W32A-XPFX-8FFF
300781909039,W32A-XPFX-8FFF
300781909040,W32A-XPFX-8FFF
300781909041,W32A-XPFX-8FFF
300781909042,W32A-XPFX-8FFF
300781909043,W32A-XPFX-8FFF
300781909044,W32A-XPFX-8FFF
300781909045,W32A-XPFX-8FFF
300781909046,W32A-XPFX-8FFF
300781909047,W32A-XPFX-8FFF
300781909048,W32A-XPFX-8FFF
300781909049,W32A-XPFX-8FFF
300781909050,W32A-XPFX-8FFF
300781909051,W32A-XPFX-8FFF
300781909052,W32A-XPFX-8FFF
300781909053,W32A-XPFX-8FFF
300781909054,W32A-XPFX-8FFF
300781909055,W32A-XPFX-8FFF
300781909056,W32A-XPFX-8FFF
300781909057,W32A-XPFX-8FFF
300781909058,W32A-XPFX-8FFF
300781909059,W32A-XPFX-8FFF
300781909060,W32A-XPFX-8FFF
300781909061,W32A-XPFX-8FFF
300781909062,W32A-XPFX-8FFF
300781909063,W32A-XPFX-8FFF
300781909064,W32A-XPFX-8FFF
300781909065,W32A-XPFX-8FFF
300781909066,W32A-XPFX-8FFF
300781909067,W32A-XPFX-8FFF
300781909068,W32A-XPFX-8FFF
300781909069,W32A-XPFX-8FFF
300781909070,W32A-XPFX-8FFF
300781909071,W32A-XPFX-8FFF
300781909072,W32A-XPFX-8FFF
300781909073,W32A-XPFX-8FFF
300781909074,W32A-XPFX-8FFF
300781909075,W32A-XPFX-8FFF
300781909076,W32A-XPFX-8FFF
300781909077,W32A-XPFX-8FFF
300781909078,W32A-XPFX-8FFF
300781909079,W32A-XPFX-8FFF
300781909080,W32A-XPFX-8FFF
300781909081,W32A-XPFX-8FFF
300781909082,W32A-XPFX-8FFF
300781909083,W32A-XPFX-8FFF
300781909084,W32A-XPFX-8FFF
300781909085,W32A-XPFX-8FFF
300781909086,W32A-XPFX-8FFF
300781909087,W32A-XPFX-8FFF
300781909088,W32A-XPFX-8FFF
300781909089,W32A-XPFX-8FFF
300781909090,W32A-XPFX-8FFF
300781909091,W32A-XPFX-8FFF
300781909092,W32A-XPFX-8FFF
300781909093,W32A-XPFX-8FFF
300781909094,W32A-XPFX-8FFF
300781909095,W32A-XPFX-8FFF
300781909096,W32A-XPFX-8FFF
300781909097,W32A-XPFX-8FFF
300781909098,W32A-XPFX-8FFF
300781909099,W32A-XPFX-8FFF
300781909100,W32A-XPFX-8FFF
300781909101,W32A-XPFX-8FFF
300781909102,W32A-XPFX-8FFF
300781909103,W32A-XPFX-8FFF
300781909104,W32A-XPFX-8FFF
300781909105,W32A-XPFX-8FFF
300781909106,W32A-XPFX-8FFF
300781909107,W32A-XPFX-8FFF
300781909108,W32A-XPFX-8FFF
300781909109,W32A-XPFX-8FFF
300781909110,W32A-XPFX-8FFF
300781909111,W32A-XPFX-8FFF
300781909112,W32A-XPFX-8FFF
300781909113,W32A-XPFX-8FFF
300781909114,W32A-XPFX-8FFF
300781909115,W32A-XPFX-8FFF
300781909116,W32A-XPFX-8FFF
300781909117,W32A-XPFX-8FFF
300781909118,W32A-XPFX-8FFF
300781909119,W32A-XPFX-8FFF
300781909120,W32A-XPFX-8FFF
300781909121,W32A-XPFX-8FFF
300781909122,W32A-XPFX-8FFF
300781909123,W32A-XPFX-8FFF
300781909124,W32A-XPFX-8FFF
300781909125,W32A-XPFX-8FFF
300781909126,W32A-XPFX-8FFF
300781909127,W32A-XPFX-8FFF
300781909128,W32A-XPFX-8FFF
300781909129,W32A-XPFX-8FFF
300781909130,W32A-XPFX-8FFF
300781909131,W32A-XPFX-8FFF
300781909132,W32A-XPFX-8FFF
300781909133,W32A-XPFX-8FFF
300781909134,W32A-XPFX-8FFF
300781909135,W32A-XPFX-8FFF
300781909136,W32A-XPFX-8FFF
300781909137,W32A-XPFX-8FFF
300781909138,W32A-XPFX-8FFF
300781909139,W32A-XPFX-8FFF
300781909140,W32A-XPFX-8FFF
300781909141,W32A-XPFX-8FFF
300781909142,W32A-XPFX-8FFF
300781909143,W32A-XPFX-8FFF
300781909144,W32A-XPFX-8FFF
300781909145,W32A-XPFX-8FFF
300781909146,W32A-XPFX-8FFF
300781909147,W32A-XPFX-8FFF
300781909148,W32A-XPFX-8FFF
300781909149,W32A-XPFX-8FFF
300781909150,W32A-XPFX-8FFF
300781909151,W32A-XPFX-8FFF
300781909152,W32A-XPFX-8FFF
300781909153,W32A-XPFX-8FFF
300781909154,W32A-XPFX-8FFF
300781909155,W32A-XPFX-8FFF
300781909156,W32A-XPFX-8FFF
300781909157,W32A-XPFX-8FFF
300781909158,W32A-XPFX-8FFF
300781909159,W32A-XPFX-8FFF
300781909160,W32A-XPFX-8FFF
300781909161,W32A-XPFX-8FFF
300781909162,W32A-XPFX-8FFF
300781909163,W32A-XPFX-8FFF
300781909164,W32A-XPFX-8FFF
300781909165,W32A-XPFX-8FFF
300781909166,W32A-XPFX-8FFF
300781909167,W32A-XPFX-8FFF
300781909168,W32A-XPFX-8FFF
300781909169,W32A-XPFX-8FFF
300781909170,W32A-XPFX-8FFF
300781909171,W32A-XPFX-8FFF
300781909172,W32A-XPFX-8FFF
300781909173,W32A-XPFX-8FFF
300781909174,W32A-XPFX-8FFF
300781909175,W32A-XPFX-8FFF
300781909176,W32A-XPFX-8FFF
300781909177,W32A-XPFX-8FFF
300781909178,W32A-XPFX-8FFF
300781909179,W32A-XPFX-8FFF
300781909180,W32A-XPFX-8FFF
300781909181,W32A-XPFX-8FFF
300781909182,W32A-XPFX-8FFF
300781909183,W32A-XPFX-8FFF
300781909184,W32A-XPFX-8FFF
300781909185,W32A-XPFX-8FFF
300781909186,W32A-XPFX-8FFF
300781909187,W32A-XPFX-8FFF
300781909188,W32A-XPFX-8FFF
300781909189,W32A-XPFX-8FFF
300781909190,W32A-XPFX-8FFF
300781909191,W32A-XPFX-8FFF
300781909192,W32A-XPFX-8FFF
300781909193,W32A-XPFX-8FFF
300781909194,W32A-XPFX-8FFF
300781909195,W32A-XPFX-8FFF
300781909196,W32A-XPFX-8FFF
300781909197,W32A-XPFX-8FFF
300781909198,W32A-XPFX-8FFF
300781909199,W32A-XPFX-8FFF
300781909200,W32A-XPFX-8FFF
300781909201,W32A-XPFX-8FFF
300781909202,W32A-XPFX-8FFF
300781909203,W32A-XPFX-8FFF
300781909204,W32A-XPFX-8FFF
300781909205,W32A-XPFX-8FFF
300781909206,W32A-XPFX-8FFF
300781909207,W32A-XPFX-8FFF
300781909208,W32A-XPFX-8FFF
300781909209,W32A-XPFX-8FFF
300781909210,W32A-XPFX-8FFF
300781909211,W32A-XPFX-8FFF
300781909212,W32A-XPFX-8FFF
300781909213,W32A-XPFX-8FFF
300781909214,W32A-XPFX-8FFF
300781909215,W32A-XPFX-8FFF
300781909216,W32A-XPFX-8FFF
300781909217,W32A-XPFX-8FFF
300781909218,W32A-XPFX-8FFF
300781909219,W32A-XPFX-8FFF
300781909220,W32A-XPFX-8FFF
300781909221,W32A-XPFX-8FFF
300781909222,W32A-XPFX-8FFF
300781909223,W32A-XPFX-8FFF
300781909224,W32A-XPFX-8FFF
300781909225,W32A-XPFX-8FFF
300781909226,W32A-XPFX-8FFF
300781909227,W32A-XPFX-8FFF
300781909228,W32A-XPFX-8FFF
300781909229,W32A-XPFX-8FFF
300781909230,W32A-XPFX-8FFF
300781909231,W32A-XPFX-8FFF
300781909232,W32A-XPFX-8FFF
300781909233,W32A-XPFX-8FFF
300781909234,W32A-XPFX-8FFF
300781909235,W32A-XPFX-8FFF
300781909236,W32A-XPFX-8FFF
300781909237,W32A-XPFX-8FFF
300781909238,W32A-XPFX-8FFF
300781909239,W32A-XPFX-8FFF
300781909240,W32A-XPFX-8FFF
300781909241,W32A-XPFX-8FFF
300781909242,W32A-XPFX-8FFF
300781909243,W32A-XPFX-8FFF
300781909244,W32A-XPFX-8FFF
300781909245,W32A-XPFX-8FFF
300781909246,W32A-XPFX-8FFF
300781909247,W32A-XPFX-8FFF
300781909248,W32A-XPFX-8FFF
300781909249,W32A-XPFX-8FFF
300781909250,W32A-XPFX-8FFF
300781909251,W32A-XPFX-8FFF
300781909252,W32A-XPFX-8FFF
300781909253,W32A-XPFX-8FFF
300781909254,W32A-XPFX-8FFF
300781909255,W32A-XPFX-8FFF
300781909256,W32A-XPFX-8FFF
300781909257,W32A-XPFX-8FFF
300781909258,W32A-XPFX-8FFF
300781909259,W32A-XPFX-8FFF
300781909260,W32A-XPFX-8FFF
300781909261,W32A-XPFX-8FFF
300781909262,W32A-XPFX-8FFF
300781909263,W32A-XPFX-8FFF
300781909264,W32A-XPFX-8FFF
300781909265,W32A-XPFX-8FFF
300781909266,W32A-XPFX-8FFF
300781909267,W32A-XPFX-8FFF
300781909268,W32A-XPFX-8FFF
300781909269,W32A-XPFX-8FFF
300781909270,W32A-XPFX-8FFF
300781909271,W32A-XPFX-8FFF
300781909272,W32A-XPFX-8FFF
300781909273,W32A-XPFX-8FFF
300781909274,W32A-XPFX-8FFF
300781909275,W32A-XPFX-8FFF
300781909276,W32A-XPFX-8FFF
300781909277,W32A-XPFX-8FFF
300781909278,W32A-XPFX-8FFF
300781909279,W32A-XPFX-8FFF
300781909280,W32A-XPFX-8FFF
300781909281,W32A-XPFX-8FFF
300781909282,W32A-XPFX-8FFF
300781909283,W32A-XPFX-8FFF
300781909284,W32A-XPFX-8FFF
300781909285,W32A-XPFX-8FFF
300781909286,W32A-XPFX-8FFF
300781909287,W32A-XPFX-8FFF
300781909288,W32A-XPFX-8FFF
300781909289,W32A-XPFX-8FFF
300781909290,W32A-XPFX-8FFF
300781909291,W32A-XPFX-8FFF
300781909292,W32A-XPFX-8FFF
300781909293,W32A-XPFX-8FFF
300781909294,W32A-XPFX-8FFF
300781909295,W32A-XPFX-8FFF
300781909296,W32A-XPFX-8FFF
300781909297,W32A-XPFX-8FFF
300781909298,W32A-XPFX-8FFF
300781909299,W32A-XPFX-8FFF
300781909300,W32A-XPFX-8FFF
300781909301,W32A-XPFX-8FFF
300781909302,W32A-XPFX-8FFF
300781909303,W32A-XPFX-8FFF
300781909304,W32A-XPFX-8FFF
300781909305,W32A-XPFX-8FFF
300781909306,W32A-XPFX-8FFF
300781909307,W32A-XPFX-8FFF
300781909308,W32A-XPFX-8FFF
300781909309,W32A-XPFX-8FFF
300781909310,W32A-XPFX-8FFF
300781909311,W32A-XPFX-8FFF
300781909312,W32A-XPFX-8FFF
300781909313,W32A-XPFX-8FFF
300781909314,W32A-XPFX-8FFF
300781909315,W32A-XPFX-8FFF
300781909316,W32A-XPFX-8FFF
300781909317,W32A-XPFX-8FFF
300781909318,W32A-XPFX-8FFF
300781909319,W32A-XPFX-8FFF
300781909320,W32A-XPFX-8FFF
300781909321,W32A-XPFX-8FFF
300781909322,W32A-XPFX-8FFF
300781909323,W32A-XPFX-8FFF
300781909324,W32A-XPFX-8FFF
300781909325,W32A-XPFX-8FFF
300781909326,W32A-XPFX-8FFF
300781909327,W32A-XPFX-8FFF
300781909328,W32A-XPFX-8FFF
300781909329,W32A-XPFX-8FFF
300781909330,W32A-XPFX-8FFF
300781909331,W32A-XPFX-8FFF
300781909332,W32A-XPFX-8FFF
300781909333,W32A-XPFX-8FFF
300781909334,W32A-XPFX-8FFF
300781909335,W32A-XPFX-8FFF
300781909336,W32A-XPFX-8FFF
300781909337,W32A-XPFX-8FFF
300781909338,W32A-XPFX-8FFF
300781909339,W32A-XPFX-8FFF
300781909340,W32A-XPFX-8FFF
300781909341,W32A-XPFX-8FFF
300781909342,W32A-XPFX-8FFF
300781909343,W32A-XPFX-8FFF
300781909344,W32A-XPFX-8FFF
300781909345,W32A-XPFX-8FFF
300781909346,W32A-XPFX-8FFF
300781909347,W32A-XPFX-8FFF
300781909348,W32A-XPFX-8FFF
300781909349,W32A-XPFX-8FFF
300781909350,W32A-XPFX-8FFF
300781909351,W32A-XPFX-8FFF
300781909352,W32A-XPFX-8FFF
300781909353,W32A-XPFX-8FFF
300781909354,W32A-XPFX-8FFF
300781909355,W32A-XPFX-8FFF
300781909356,W32A-XPFX-8FFF
300781909357,W32A-XPFX-8FFF
300781909358,W32A-XPFX-8FFF
300781909359,W32A-XPFX-8FFF
300781909360,W32A-XPFX-8FFF
300781909361,W32A-XPFX-8FFF
300781909362,W32A-XPFX-8FFF
300781909363,W32A-XPFX-8FFF
300781909364,W32A-XPFX-8FFF
300781909365,W32A-XPFX-8FFF
300781909366,W32A-XPFX-8FFF
300781909367,W32A-XPFX-8FFF
300781909368,W32A-XPFX-8FFF
300781909369,W32A-XPFX-8FFF
300781909370,W32A-XPFX-8FFF
300781909371,W32A-XPFX-8FFF
300781909372,W32A-XPFX-8FFF
300781909373,W32A-XPFX-8FFF
300781909374,W32A-XPFX-8FFF
300781909375,W32A-XPFX-8FFF
300781909376,W32A-XPFX-8FFF
300781909377,W32A-XPFX-8FFF
300781909378,W32A-XPFX-8FFF
300781909379,W32A-XPFX-8FFF
300781909380,W32A-XPFX-8FFF
300781909381,W32A-XPFX-8FFF
300781909382,W32A-XPFX-8FFF
300781909383,W32A-XPFX-8FFF
300781909384,W32A-XPFX-8FFF
300781909385,W32A-XPFX-8FFF
300781909386,W32A-XPFX-8FFF
300781909387,W32A-XPFX-8FFF
300781909388,W32A-XPFX-8FFF
300781909389,W32A-XPFX-8FFF
300781909390,W32A-XPFX-8FFF
300781909391,W32A-XPFX-8FFF
300781909392,W32A-XPFX-8FFF
300781909393,W32A-XPFX-8FFF
300781909394,W32A-XPFX-8FFF
300781909395,W32A-XPFX-8FFF
300781909396,W32A-XPFX-8FFF
300781909397,W32A-XPFX-8FFF
300781909398,W32A-XPFX-8FFF
300781909399,W32A-XPFX-8FFF
300781909400,W32A-XPFX-8FFF
300781909401,W32A-XPFX-8FFF
300781909402,W32A-XPFX-8FFF
300781909403,W32A-XPFX-8FFF
300781909404,W32A-XPFX-8FFF
300781909405,W32A-XPFX-8FFF
300781909406,W32A-XPFX-8FFF
300781909407,W32A-XPFX-8FFF
300781909408,W32A-XPFX-8FFF
300781909409,W32A-XPFX-8FFF
300781909410,W32A-XPFX-8FFF
300781909411,W32A-XPFX-8FFF
300781909412,W32A-XPFX-8FFF
300781909413,W32A-XPFX-8FFF
300781909414,W32A-XPFX-8FFF
300781909415,W32A-XPFX-8FFF
300781909416,W32A-XPFX-8FFF
300781909417,W32A-XPFX-8FFF
300781909418,W32A-XPFX-8FFF
300781909419,W32A-XPFX-8FFF
300781909420,W32A-XPFX-8FFF
300781909421,W32A-XPFX-8FFF
300781909422,W32A-XPFX-8FFF
300781909423,W32A-XPFX-8FFF
300781909424,W32A-XPFX-8FFF
300781909425,W32A-XPFX-8FFF
300781909426,W32A-XPFX-8FFF
300781909427,W32A-XPFX-8FFF
300781909428,W32A-XPFX-8FFF
300781909429,W32A-XPFX-8FFF
300781909430,W32A-XPFX-8FFF
300781909431,W32A-XPFX-8FFF
300781909432,W32A-XPFX-8FFF
300781909433,W32A-XPFX-8FFF
300781909434,W32A-XPFX-8FFF
300781909435,W32A-XPFX-8FFF
300781909436,W32A-XPFX-8FFF
300781909437,W32A-XPFX-8FFF
300781909438,W32A-XPFX-8FFF
300781909439,W32A-XPFX-8FFF
300781909440,W32A-XPFX-8FFF
300781909441,W32A-XPFX-8FFF
300781909442,W32A-XPFX-8FFF
300781909443,W32A-XPFX-8FFF
300781909444,W32A-XPFX-8FFF
300781909445,W32A-XPFX-8FFF
300781909446,W32A-XPFX-8FFF
300781909447,W32A-XPFX-8FFF
300781909448,W32A-XPFX-8FFF
300781909449,W32A-XPFX-8FFF
300781909450,W32A-XPFX-8FFF
300781909451,W32A-XPFX-8FFF
300781909452,W32A-XPFX-8FFF
300781909453,W32A-XPFX-8FFF
300781909454,W32A-XPFX-8FFF
300781909455,W32A-XPFX-8FFF
300781909456,W32A-XPFX-8FFF
300781909457,W32A-XPFX-8FFF
300781909458,W32A-XPFX-8FFF
300781909459,W32A-XPFX-8FFF
300781909460,W32A-XPFX-8FFF
300781909461,W32A-XPFX-8FFF
300781909462,W32A-XPFX-8FFF
300781909463,W32A-XPFX-8FFF
300781909464,W32A-XPFX-8FFF
300781909465,W32A-XPFX-8FFF
300781909466,W32A-XPFX-8FFF
300781909467,W32A-XPFX-8FFF
300781909468,W32A-XPFX-8FFF
300781909469,W32A-XPFX-8FFF
300781909470,W32A-XPFX-8FFF
300781909471,W32A-XPFX-8FFF
300781909472,W32A-XPFX-8FFF
300781909473,W32A-XPFX-8FFF
300781909474,W32A-XPFX-8FFF
300781909475,W32A-XPFX-8FFF
300781909476,W32A-XPFX-8FFF
300781909477,W32A-XPFX-8FFF
300781909478,W32A-XPFX-8FFF
300781909479,W32A-XPFX-8FFF
300781909480,W32A-XPFX-8FFF
300781909481,W32A-XPFX-8FFF
300781909482,W32A-XPFX-8FFF
300781909483,W32A-XPFX-8FFF
300781909484,W32A-XPFX-8FFF
300781909485,W32A-XPFX-8FFF
300781909486,W32A-XPFX-8FFF
300781909487,W32A-XPFX-8FFF
300781909488,W32A-XPFX-8FFF
300781909489,W32A-XPFX-8FFF
300781909490,W32A-XPFX-8FFF
300781909491,W32A-XPFX-8FFF
300781909492,W32A-XPFX-8FFF
300781909493,W32A-XPFX-8FFF
300781909494,W32A-XPFX-8FFF
300781909495,W32A-XPFX-8FFF
300781909496,W32A-XPFX-8FFF
300781909497,W32A-XPFX-8FFF
300781909498,W32A-XPFX-8FFF
300781909499,W32A-XPFX-8FFF
300781909500,W32A-XPFX-8FFF
300781909501,W32A-XPFX-8FFF
300781909502,W32A-XPFX-8FFF
300781909503,W32A-XPFX-8FFF
300781909504,W32A-XPFX-8FFF
300781909505,W32A-XPFX-8FFF
300781909506,W32A-XPFX-8FFF
300781909507,W32A-XPFX-8FFF
300781909508,W32A-XPFX-8FFF
300781909509,W32A-XPFX-8FFF
300781909510,W32A-XPFX-8FFF
300781909511,W32A-XPFX-8FFF
300781909512,W32A-XPFX-8FFF
300781909513,W32A-XPFX-8FFF
300781909514,W32A-XPFX-8FFF
300781909515,W32A-XPFX-8FFF
300781909516,W32A-XPFX-8FFF
300781909517,W32A-XPFX-8FFF
300781909518,W32A-XPFX-8FFF
300781909519,W32A-XPFX-8FFF
300781909520,W32A-XPFX-8FFF
300781909521,W32A-XPFX-8FFF
300781909522,W32A-XPFX-8FFF
300781909523,W32A-XPFX-8FFF
300781909524,W32A-XPFX-8FFF
300781909525,W32A-XPFX-8FFF
300781909526,W32A-XPFX-8FFF
300781909527,W32A-XPFX-8FFF
300781909528,W32A-XPFX-8FFF
300781909529,W32A-XPFX-8FFF
300781909530,W32A-XPFX-8FFF
300781909531,W32A-XPFX-8FFF
300781909532,W32A-XPFX-8FFF
300781909533,W32A-XPFX-8FFF
300781909534,W32A-XPFX-8FFF
300781909535,W32A-XPFX-8FFF
300781909536,W32A-XPFX-8FFF
300781909537,W32A-XPFX-8FFF
300781909538,W32A-XPFX-8FFF
300781909539,W32A-XPFX-8FFF
300781909540,W32A-XPFX-8FFF
300781909541,W32A-XPFX-8FFF
300781909542,W32A-XPFX-8FFF
300781909543,W32A-XPFX-8FFF
300781909544,W32A-XPFX-8FFF
300781909545,W32A-XPFX-8FFF
300781909546,W32A-XPFX-8FFF
300781909547,W32A-XPFX-8FFF
300781909548,W32A-XPFX-8FFF
300781909549,W32A-XPFX-8FFF
300781909550,W32A-XPFX-8FFF
300781909551,W32A-XPFX-8FFF
300781909552,W32A-XPFX-8FFF
300781909553,W32A-XPFX-8FFF
300781909554,W32A-XPFX-8FFF
300781909555,W32A-XPFX-8FFF
300781909556,W32A-XPFX-8FFF
300781909557,W32A-XPFX-8FFF
300781909558,W32A-XPFX-8FFF
300781909559,W32A-XPFX-8FFF
300781909560,W32A-XPFX-8FFF
300781909561,W32A-XPFX-8FFF
300781909562,W32A-XPFX-8FFF
300781909563,W32A-XPFX-8FFF
300781909564,W32A-XPFX-8FFF
300781909565,W32A-XPFX-8FFF
300781909566,W32A-XPFX-8FFF
300781909567,W32A-XPFX-8FFF
300781909568,W32A-XPFX-8FFF
300781909569,W32A-XPFX-8FFF
300781909570,W32A-XPFX-8FFF
300781909571,W32A-XPFX-8FFF
300781909572,W32A-XPFX-8FFF
300781909573,W32A-XPFX-8FFF
300781909574,W32A-XPFX-8FFF
300781909575,W32A-XPFX-8FFF
300781909576,W32A-XPFX-8FFF
300781909577,W32A-XPFX-8FFF
300781909578,W32A-XPFX-8FFF
300781909579,W32A-XPFX-8FFF
300781909580,W32A-XPFX-8FFF
300781909581,W32A-XPFX-8FFF
300781909582,W32A-XPFX-8FFF
300781909583,W32A-XPFX-8FFF
300781909584,W32A-XPFX-8FFF
300781909585,W32A-XPFX-8FFF
300781909586,W32A-XPFX-8FFF
300781909587,W32A-XPFX-8FFF
300781909588,W32A-XPFX-8FFF
300781909589,W32A-XPFX-8FFF
300781909590,W32A-XPFX-8FFF
300781909591,W32A-XPFX-8FFF
300781909592,W32A-XPFX-8FFF
300781909593,W32A-XPFX-8FFF
300781909594,W32A-XPFX-8FFF
300781909595,W32A-XPFX-8FFF
300781909596,W32A-XPFX-8FFF
300781909597,W32A-XPFX-8FFF
300781909598,W32A-XPFX-8FFF
300781909599,W32A-XPFX-8FFF
300781909600,W32A-XPFX-8FFF
300781909601,W32A-XPFX-8FFF
300781909602,W32A-XPFX-8FFF
300781909603,W32A-XPFX-8FFF
300781909604,W32A-XPFX-8FFF
300781909605,W32A-XPFX-8FFF
300781909606,W32A-XPFX-8FFF
300781909607,W32A-XPFX-8FFF
300781909608,W32A-XPFX-8FFF
300781909609,W32A-XPFX-8FFF
300781909610,W32A-XPFX-8FFF
300781909611,W32A-XPFX-8FFF
300781909612,W32A-XPFX-8FFF
300781909613,W32A-XPFX-8FFF
300781909614,W32A-XPFX-8FFF
300781909615,W32A-XPFX-8FFF
300781909616,W32A-XPFX-8FFF
300781909617,W32A-XPFX-8FFF
300781909618,W32A-XPFX-8FFF
300781909619,W32A-XPFX-8FFF
300781909620,W32A-XPFX-8FFF
300781909621,W32A-XPFX-8FFF
300781909622,W32A-XPFX-8FFF
300781909623,W32A-XPFX-8FFF
300781909624,W32A-XPFX-8FFF
300781909625,W32A-XPFX-8FFF
300781909626,W32A-XPFX-8FFF
300781909627,W32A-XPFX-8FFF
300781909628,W32A-XPFX-8FFF
300781909629,W32A-XPFX-8FFF
300781909630,W32A-XPFX-8FFF
300781909631,W32A-XPFX-8FFF
300781909632,W32A-XPFX-8FFF
300781909633,W32A-XPFX-8FFF
300781909634,W32A-XPFX-8FFF
300781909635,W32A-XPFX-8FFF
300781909636,W32A-XPFX-8FFF
300781909637,W32A-XPFX-8FFF
300781909638,W32A-XPFX-8FFF
300781909639,W32A-XPFX-8FFF
300781909640,W32A-XPFX-8FFF
300781909641,W32A-XPFX-8FFF
300781909642,W32A-XPFX-8FFF
300781909643,W32A-XPFX-8FFF
300781909644,W32A-XPFX-8FFF
300781909645,W32A-XPFX-8FFF
300781909646,W32A-XPFX-8FFF
300781909647,W32A-XPFX-8FFF
300781909648,W32A-XPFX-8FFF
300781909649,W32A-XPFX-8FFF
300781909650,W32A-XPFX-8FFF
300781909651,W32A-XPFX-8FFF
300781909652,W32A-XPFX-8FFF
300781909653,W32A-XPFX-8FFF
300781909654,W32A-XPFX-8FFF
300781909655,W32A-XPFX-8FFF
300781909656,W32A-XPFX-8FFF
300781909657,W32A-XPFX-8FFF
300781909658,W32A-XPFX-8FFF
300781909659,W32A-XPFX-8FFF
300781909660,W32A-XPFX-8FFF
300781909661,W32A-XPFX-8FFF
300781909662,W32A-XPFX-8FFF
300781909663,W32A-XPFX-8FFF
300781909664,W32A-XPFX-8FFF
300781909665,W32A-XPFX-8FFF
300781909666,W32A-XPFX-8FFF
300781909667,W32A-XPFX-8FFF
300781909668,W32A-XPFX-8FFF
300781909669,W32A-XPFX-8FFF
300781909670,W32A-XPFX-8FFF
300781909671,W32A-XPFX-8FFF
300781909672,W32A-XPFX-8FFF
300781909673,W32A-XPFX-8FFF
300781909674,W32A-XPFX-8FFF
300781909675,W32A-XPFX-8FFF
300781909676,W32A-XPFX-8FFF
300781909677,W32A-XPFX-8FFF
300781909678,W32A-XPFX-8FFF
300781909679,W32A-XPFX-8FFF
300781909680,W32A-XPFX-8FFF
300781909681,W32A-XPFX-8FFF
300781909682,W32A-XPFX-8FFF
300781909683,W32A-XPFX-8FFF
300781909684,W32A-XPFX-8FFF
300781909685,W32A-XPFX-8FFF
300781909686,W32A-XPFX-8FFF
300781909687,W32A-XPFX-8FFF
300781909688,W32A-XPFX-8FFF
300781909689,W32A-XPFX-8FFF
300781909690,W32A-XPFX-8FFF
300781909691,W32A-XPFX-8FFF
300781909692,W32A-XPFX-8FFF
300781909693,W32A-XPFX-8FFF
300781909694,W32A-XPFX-8FFF
300781909695,W32A-XPFX-8FFF
300781909696,W32A-XPFX-8FFF
300781909697,W32A-XPFX-8FFF
300781909698,W32A-XPFX-8FFF
300781909699,W32A-XPFX-8FFF
300781909700,W32A-XPFX-8FFF
300781909701,W32A-XPFX-8FFF
300781909702,W32A-XPFX-8FFF
300781909703,W32A-XPFX-8FFF
300781909704,W32A-XPFX-8FFF
300781909705,W32A-XPFX-8FFF
300781909706,W32A-XPFX-8FFF
300781909707,W32A-XPFX-8FFF
300781909708,W32A-XPFX-8FFF
300781909709,W32A-XPFX-8FFF
300781909710,W32A-XPFX-8FFF
300781909711,W32A-XPFX-8FFF
300781909712,W32A-XPFX-8FFF
300781909713,W32A-XPFX-8FFF
300781909714,W32A-XPFX-8FFF
300781909715,W32A-XPFX-8FFF
300781909716,W32A-XPFX-8FFF
300781909717,W32A-XPFX-8FFF
300781909718,W32A-XPFX-8FFF
300781909719,W32A-XPFX-8FFF
300781909720,W32A-XPFX-8FFF
300781909721,W32A-XPFX-8FFF
300781909722,W32A-XPFX-8FFF
300781909723,W32A-XPFX-8FFF
300781909724,W32A-XPFX-8FFF
300781909725,W32A-XPFX-8FFF
300781909726,W32A-XPFX-8FFF
300781909727,W32A-XPFX-8FFF
300781909728,W32A-XPFX-8FFF
300781909729,W32A-XPFX-8FFF
300781909730,W32A-XPFX-8FFF
300781909731,W32A-XPFX-8FFF
300781909732,W32A-XPFX-8FFF
300781909733,W32A-XPFX-8FFF
300781909734,W32A-XPFX-8FFF
300781909735,W32A-XPFX-8FFF
300781909736,W32A-XPFX-8FFF
300781909737,W32A-XPFX-8FFF
300781909738,W32A-XPFX-8FFF
300781909739,W32A-XPFX-8FFF
300781909740,W32A-XPFX-8FFF
300781909741,W32A-XPFX-8FFF
300781909742,W32A-XPFX-8FFF
300781909743,W32A-XPFX-8FFF
300781909744,W32A-XPFX-8FFF
300781909745,W32A-XPFX-8FFF
300781909746,W32A-XPFX-8FFF
300781909747,W32A-XPFX-8FFF
300781909748,W32A-XPFX-8FFF
300781909749,W32A-XPFX-8FFF
300781909750,W32A-XPFX-8FFF
300781909751,W32A-XPFX-8FFF
300781909752,W32A-XPFX-8FFF
300781909753,W32A-XPFX-8FFF
300781909754,W32A-XPFX-8FFF
300781909755,W32A-XPFX-8FFF
300781909756,W32A-XPFX-8FFF
300781909757,W32A-XPFX-8FFF
300781909758,W32A-XPFX-8FFF
300781909759,W32A-XPFX-8FFF
300781909760,W32A-XPFX-8FFF
300781909761,W32A-XPFX-8FFF
300781909762,W32A-XPFX-8FFF
300781909763,W32A-XPFX-8FFF
300781909764,W32A-XPFX-8FFF
300781909765,W32A-XPFX-8FFF
300781909766,W32A-XPFX-8FFF
300781909767,W32A-XPFX-8FFF
300781909768,W32A-XPFX-8FFF
300781909769,W32A-XPFX-8FFF
300781909770,W32A-XPFX-8FFF
300781909771,W32A-XPFX-8FFF
300781909772,W32A-XPFX-8FFF
300781909773,W32A-XPFX-8FFF
300781909774,W32A-XPFX-8FFF
300781909775,W32A-XPFX-8FFF
300781909776,W32A-XPFX-8FFF
300781909777,W32A-XPFX-8FFF
300781909778,W32A-XPFX-8FFF
300781909779,W32A-XPFX-8FFF
300781909780,W32A-XPFX-8FFF
300781909781,W32A-XPFX-8FFF
300781909782,W32A-XPFX-8FFF
300781909783,W32A-XPFX-8FFF
300781909784,W32A-XPFX-8FFF
300781909785,W32A-XPFX-8FFF
300781909786,W32A-XPFX-8FFF
300781909787,W32A-XPFX-8FFF
300781909788,W32A-XPFX-8FFF
300781909789,W32A-XPFX-8FFF
300781909790,W32A-XPFX-8FFF
300781909791,W32A-XPFX-8FFF
300781909792,W32A-XPFX-8FFF
300781909793,W32A-XPFX-8FFF
300781909794,W32A-XPFX-8FFF
300781909795,W32A-XPFX-8FFF
300781909796,W32A-XPFX-8FFF
300781909797,W32A-XPFX-8FFF
300781909798,W32A-XPFX-8FFF
300781909799,W32A-XPFX-8FFF
300781909800,W32A-XPFX-8FFF
300781909801,W32A-XPFX-8FFF
300781909802,W32A-XPFX-8FFF
300781909803,W32A-XPFX-8FFF
300781909804,W32A-XPFX-8FFF
300781909805,W32A-XPFX-8FFF
300781909806,W32A-XPFX-8FFF
300781909807,W32A-XPFX-8FFF
